total_points,goals_scored,assists,minutes,clean_sheets,goals_conceded,own_goals,penalties_saved,penalties_missed,saves,yellow_cards,red_cards,bonus,bps,influence,creativity,threat,ict_index,starts,tackles,clearances_blocks_interceptions,recoveries,defensive_contribution,transfers_in,transfers_out,name,element,team,position,value,selected,was_home,xP,round,GW
5.5,0.62,0.12,78.75,0.38,0.75,0.0,0.0,0.0,0.0,0.12,0.0,1.0,0.0,25.63,8.63,42.62,7.7,0.88,0.25,0.88,1.5,2.62,231888.62,193254.75,Erling Haaland,0,Man City,FWD,147,62.5,0.5,0.0,37,37
6.88,0.12,1.12,90.0,0.25,1.25,0.0,0.0,0.0,0.0,0.25,0.0,0.88,0.0,33.95,69.38,19.75,12.31,1.0,1.12,1.38,4.25,6.75,178325.75,48456.5,Bruno Borges Fernandes,0,Man Utd,MID,104,48.0,0.5,0.0,37,37
26.12,0.38,0.62,343.75,2.25,2.5,0.0,0.0,0.0,0.0,0.5,0.0,3.75,0.0,103.0,16.06,37.25,15.62,3.75,4.75,29.88,8.0,34.62,1155210.0,752131.12,Gabriel Gabriel,0,Arsenal,DEF,73,45.4,0.5,0.0,37,37
3.0,0.12,0.0,78.38,0.5,0.62,0.0,0.0,0.0,0.0,0.12,0.0,0.12,0.0,11.25,13.09,20.0,4.4,1.0,0.62,1.0,1.88,3.5,145236.5,293273.38,Antoine Semenyo,0,Man City,MID,80,46.2,0.5,0.0,37,37
7.12,0.75,0.25,66.75,0.38,0.62,0.0,0.0,0.0,0.0,0.0,0.0,0.62,0.0,34.42,9.88,28.12,7.24,0.75,0.62,1.12,2.62,4.38,177555.0,117827.88,Morgan Gibbs-White,0,Nott'm Forest,MID,76,9.2,0.5,0.0,37,37
5.0,0.0,0.75,89.62,0.25,1.38,0.0,0.0,0.0,0.0,0.0,0.0,0.5,0.0,23.45,24.25,12.75,6.06,1.0,1.5,2.38,3.75,7.62,185544.62,106919.25,Jarrod Bowen,0,West Ham,FWD,78,17.5,0.5,0.0,37,37
3.0,0.0,0.0,75.38,0.62,0.5,0.0,0.0,0.0,0.0,0.12,0.0,0.25,0.0,13.45,19.96,4.12,3.75,0.88,1.88,2.75,3.75,8.38,38490.12,175397.25,Declan Rice,0,Arsenal,MID,72,23.3,0.5,0.0,37,37
22.62,2.75,0.12,410.25,1.25,6.25,0.0,0.0,0.12,0.0,0.88,0.0,2.75,0.0,127.42,47.81,146.25,32.11,4.62,4.62,10.5,11.62,26.75,1261592.62,811993.38,Igor Thiago Thiago,0,Brentford,FWD,72,30.2,0.5,0.0,37,37
5.88,0.25,0.25,84.0,0.38,0.88,0.0,0.0,0.0,0.0,0.38,0.0,0.75,0.0,29.28,22.34,9.62,6.12,0.88,2.12,3.0,7.38,12.5,74025.88,54876.25,Elliot Anderson,0,Nott'm Forest,MID,57,9.4,0.5,0.0,37,37
5.75,0.12,0.12,90.0,0.5,0.75,0.0,0.0,0.0,0.0,0.12,0.0,0.62,0.0,28.7,13.23,10.12,5.2,1.0,1.12,6.38,3.5,7.5,77180.25,151905.5,Marc Guéhi,0,Man City,DEF,51,32.6,0.5,0.0,37,37
22.12,1.88,1.12,332.25,1.25,4.5,0.0,0.0,0.0,0.0,0.62,0.0,3.75,0.0,94.8,57.08,113.62,26.51,3.88,3.38,4.88,9.0,17.25,1147274.75,1436172.62,João Pedro João Pedro,0,Chelsea,FWD,74,34.8,0.5,0.0,37,37
21.88,0.75,0.12,427.5,1.25,6.62,0.0,0.0,0.0,0.0,0.5,0.0,1.25,0.0,146.18,26.99,61.25,23.45,4.75,2.88,41.12,10.88,44.0,670644.0,580141.38,Virgil Virgil,0,Liverpool,DEF,61,31.5,0.5,0.0,37,37
5.88,0.0,0.25,90.0,0.38,0.88,0.0,0.0,0.0,0.0,0.0,0.0,0.62,0.0,27.78,8.69,4.25,4.07,1.0,1.38,8.38,4.38,9.75,176350.88,103264.62,Marcos Senesi Barón,0,Bournemouth,DEF,52,22.0,0.5,0.0,37,37
3.88,0.12,0.25,78.75,0.12,1.75,0.0,0.0,0.0,0.0,0.25,0.0,0.38,0.0,28.28,6.19,18.62,5.31,0.88,1.38,6.38,2.38,7.75,97132.12,67203.75,James Tarkowski,0,Everton,DEF,58,12.6,0.5,0.0,37,37
4.88,0.25,0.38,86.62,0.12,1.75,0.0,0.0,0.0,0.0,0.12,0.0,0.5,0.0,19.2,22.33,20.12,6.14,1.0,1.5,1.0,4.0,6.5,113726.62,216442.88,Morgan Rogers,0,Aston Villa,MID,73,20.2,0.5,0.0,37,37
3.0,0.12,0.0,71.25,0.38,0.88,0.0,0.0,0.0,0.0,0.12,0.0,0.25,0.0,11.95,20.36,11.5,4.4,0.88,0.88,1.88,1.88,4.62,120981.38,196267.88,Harry Wilson,0,Fulham,MID,58,17.4,0.5,0.0,37,37
6.75,0.75,0.25,74.88,0.12,1.0,0.0,0.0,0.0,0.0,0.25,0.0,1.5,0.0,32.4,12.72,42.62,8.79,0.88,0.38,0.75,1.12,2.25,179998.38,92458.38,Ollie Watkins,0,Aston Villa,FWD,87,13.0,0.5,0.0,37,37
4.75,0.38,0.0,76.38,0.12,1.25,0.0,0.0,0.0,0.0,0.38,0.0,0.62,0.0,35.17,16.49,19.88,7.16,0.88,3.12,5.75,3.12,12.0,71704.38,24409.12,Carlos Henrique Casimiro,0,Man Utd,MID,58,3.8,0.5,0.0,37,37
6.5,0.12,0.38,90.0,0.38,0.88,0.0,0.0,0.0,0.0,0.25,0.0,1.12,0.0,28.72,20.46,11.0,6.02,1.0,2.12,4.88,4.25,7.0,65677.0,26235.5,Adrien Truffert,0,Bournemouth,DEF,48,5.3,0.5,0.0,37,37
20.25,0.0,0.0,416.25,2.38,3.25,0.0,0.0,0.0,7.5,0.12,0.0,1.38,0.0,67.7,4.19,0.0,7.19,4.62,0.12,4.62,38.0,0.0,616317.5,375382.62,David Raya,0,Arsenal,GK,62,36.4,0.5,0.0,37,37
4.62,0.12,0.12,75.38,0.38,0.75,0.0,0.0,0.0,0.0,0.12,0.0,0.5,0.0,18.0,11.55,30.0,5.95,0.88,0.88,3.25,3.5,4.12,226347.12,63747.38,Nico O'Reilly,0,Man City,DEF,53,19.2,0.5,0.0,37,37
6.12,0.25,0.5,90.0,0.12,1.62,0.0,0.0,0.0,0.0,0.25,0.0,0.75,0.0,27.92,39.27,12.12,7.94,1.0,1.38,3.12,5.0,9.5,113644.12,85516.12,Dominik Szoboszlai,0,Liverpool,MID,71,15.1,0.5,0.0,37,37
3.25,0.0,0.25,90.0,0.12,2.0,0.0,0.0,0.0,0.0,0.62,0.0,0.0,0.0,21.67,22.56,3.38,4.75,1.0,3.5,3.62,4.0,11.12,35297.62,36629.38,James Garner,0,Everton,MID,52,3.6,0.5,0.0,37,37
19.62,1.25,0.62,389.25,1.0,5.75,0.0,0.0,0.0,0.0,1.25,0.0,2.38,0.0,104.45,132.9,93.38,33.08,4.38,6.62,6.38,17.5,30.5,741589.25,638638.0,Enzo Enzo,0,Chelsea,MID,65,12.3,0.5,0.0,37,37
3.38,0.12,0.25,39.12,0.38,0.0,0.0,0.0,0.0,0.0,0.12,0.0,0.5,0.0,12.2,18.94,12.62,4.39,0.5,0.75,0.75,2.0,3.5,114220.25,0.0,Bukayo Saka,0,Arsenal,MID,100,11.6,0.5,0.0,37,37
19.25,1.12,0.88,307.0,0.75,4.62,0.0,0.0,0.0,0.0,0.75,0.0,2.75,0.0,97.8,94.59,61.0,25.36,3.38,7.75,6.88,16.75,31.38,548176.0,485635.62,Bruno Bruno G.,0,Newcastle,MID,69,6.5,0.5,0.0,37,37
19.25,0.12,1.0,357.62,1.5,3.5,0.0,0.0,0.0,0.0,0.62,0.0,2.0,0.0,87.0,68.12,16.38,17.2,4.0,7.12,17.25,20.75,24.38,132810.12,98656.75,Matheus Matheus N.,0,Man City,DEF,53,2.9,0.5,0.0,37,37
4.38,0.0,0.0,86.25,0.25,1.62,0.0,0.0,0.0,0.0,0.12,0.0,0.5,0.0,24.35,3.36,12.38,3.99,1.0,1.38,9.88,2.5,11.25,83186.0,30696.88,Maxence Lacroix,0,Crystal Palace,DEF,52,7.1,0.5,0.0,37,37
4.0,0.25,0.0,66.38,0.25,1.38,0.0,0.0,0.0,0.0,0.12,0.0,0.38,0.0,19.2,7.9,10.0,3.71,0.75,1.25,3.25,2.75,4.5,54223.0,69926.12,Nordi Mukiele,0,Sunderland,DEF,46,8.7,0.5,0.0,37,37
4.62,0.25,0.25,89.75,0.12,1.88,0.0,0.0,0.0,0.0,0.0,0.0,0.5,0.0,22.65,20.29,17.5,6.06,1.0,1.88,1.12,5.12,8.12,92189.62,34968.5,Kiernan Dewsbury-Hall,0,Everton,MID,53,7.9,0.5,0.0,37,37
0.12,0.0,0.0,4.62,0.0,0.0,0.0,0.0,0.0,0.0,0.0,0.0,0.0,0.0,0.88,0.2,0.25,0.14,0.12,0.25,0.25,0.12,0.5,0.0,223855.62,Jurriën Timber,0,Arsenal,DEF,60,15.2,0.5,0.0,37,37
5.0,0.0,0.12,90.0,0.5,0.88,0.0,0.0,0.0,0.0,0.25,0.0,0.12,0.0,24.72,7.19,8.38,4.04,1.0,1.62,8.62,3.88,10.25,161640.25,42510.25,Jan Paul van Hecke,0,Brighton,DEF,47,10.7,0.5,0.0,37,37
2.62,0.12,0.0,61.38,0.25,0.75,0.0,0.0,0.0,0.0,0.0,0.0,0.0,0.0,8.67,15.75,16.12,4.05,0.75,0.75,1.0,1.62,3.38,34418.0,180823.75,Bryan Mbeumo,0,Man Utd,MID,83,15.0,0.5,0.0,37,37
4.38,0.12,0.25,68.12,0.25,1.38,0.0,0.0,0.0,0.0,0.0,0.0,0.62,0.0,20.65,24.27,10.62,5.57,0.75,2.25,1.38,4.12,7.75,18125.75,16843.12,Enzo Le Fée,0,Sunderland,MID,48,1.6,0.5,0.0,37,37
2.88,0.12,0.0,71.38,0.0,1.25,0.0,0.0,0.0,0.0,0.0,0.0,0.5,0.0,14.58,8.96,6.75,3.02,0.75,1.38,2.5,1.75,5.62,7733.38,35353.88,Ryan Gravenberch,0,Liverpool,MID,54,3.7,0.5,0.0,37,37
2.12,1.12,0.0,39.88,0.0,1.62,0.0,0.0,0.0,0.0,0.0,0.0,0.0,0.0,16.12,17.12,90.62,12.39,0.62,0.0,0.0,0.0,6.75,340594.12,377175.38,Matheus Nunes,0,Man Utd,MID,81,8.7,0.5,0.0,37,37
4.12,0.0,0.0,90.0,0.38,1.38,0.0,0.0,0.0,3.38,0.0,0.0,0.38,0.0,26.92,0.38,0.0,2.74,1.0,0.0,1.25,10.0,0.0,56485.25,46253.38,Caoimhín Kelleher,0,Brentford,GK,48,12.0,0.5,0.0,37,37
4.0,0.5,0.0,90.0,0.5,0.62,0.0,0.0,0.12,0.0,0.25,0.0,0.5,0.0,23.05,4.61,35.62,6.34,1.0,0.0,2.88,1.75,4.62,169116.0,108224.38,Dominic Calvert-Lewin,0,Leeds,FWD,58,13.7,0.5,0.0,37,37
5.12,0.0,0.0,78.75,0.62,0.5,0.0,0.0,0.0,0.0,0.12,0.0,0.75,0.0,19.08,9.55,2.25,3.07,0.88,1.12,5.75,3.0,6.88,70441.0,34806.75,William Saliba,0,Arsenal,DEF,63,17.1,0.5,0.0,37,37
2.88,0.12,0.0,87.5,0.38,0.75,0.0,0.0,0.0,0.0,0.25,0.0,0.12,0.0,17.92,32.74,19.12,6.96,1.0,1.12,1.5,5.75,8.38,87807.38,44344.0,Marcus Tavernier,0,Bournemouth,MID,53,4.2,0.5,0.0,37,37
2.88,0.12,0.0,51.75,0.38,0.25,0.0,0.0,0.0,0.0,0.0,0.0,0.38,0.0,12.97,19.55,5.88,3.83,0.62,1.38,1.88,2.0,5.25,24413.75,30640.5,Anton Stach,0,Leeds,MID,48,1.7,0.5,0.0,37,37
0.75,0.0,0.0,36.88,0.0,0.88,0.0,0.0,0.0,0.0,0.0,0.0,0.0,0.0,5.7,2.14,1.88,0.99,0.38,0.12,1.75,1.5,1.88,6668.88,175066.62,Trevoh Chalobah,0,Chelsea,DEF,54,8.8,0.5,0.0,37,37
3.25,0.12,0.12,72.0,0.12,1.5,0.0,0.0,0.0,0.0,0.25,0.0,0.12,0.0,19.32,11.56,12.75,4.38,0.88,2.88,3.88,1.88,6.75,64889.75,43861.12,Daniel Muñoz Mejía,0,Crystal Palace,DEF,59,9.2,0.5,0.0,37,37
17.0,0.88,1.0,283.88,0.75,4.38,0.0,0.0,0.0,0.0,0.62,0.0,2.0,0.0,63.72,52.85,87.75,20.35,3.12,3.0,9.5,10.62,23.12,132521.88,111093.38,Dango O.Dango,0,Brentford,MID,56,1.6,0.5,0.0,37,37
3.0,0.0,0.0,67.5,0.25,1.38,0.0,0.0,0.0,2.75,0.12,0.0,0.38,0.0,20.67,0.0,0.0,2.07,0.75,0.0,0.5,6.25,0.0,26375.0,77655.62,Robin Roefs,0,Sunderland,GK,48,8.0,0.5,0.0,37,37
4.38,0.12,0.0,90.0,0.38,0.88,0.0,0.0,0.0,0.0,0.25,0.0,0.38,0.0,21.98,20.52,6.88,4.95,1.0,2.25,3.75,7.38,13.38,46770.12,33469.75,Alex Scott,0,Bournemouth,MID,49,2.1,0.5,0.0,37,37
2.0,0.0,0.0,90.0,0.12,2.0,0.0,0.0,0.0,2.62,0.25,0.0,0.0,0.0,23.28,2.51,0.0,2.58,1.0,0.0,1.38,7.75,0.0,39262.88,42928.25,Jordan Pickford,0,Everton,GK,56,13.0,0.5,0.0,37,37
4.38,0.12,0.5,59.12,0.25,0.5,0.0,0.0,0.0,0.0,0.0,0.0,0.5,0.0,22.08,38.2,28.5,8.88,0.62,0.38,0.12,2.0,2.5,245234.38,49912.88,Rayan Cherki,0,Man City,MID,65,17.4,0.5,0.0,37,37
3.25,0.0,0.25,78.75,0.25,1.38,0.0,0.0,0.0,0.0,0.12,0.0,0.12,0.0,17.55,12.95,6.75,3.74,0.88,2.75,3.62,5.5,6.38,12048.5,8107.62,Tyrick Mitchell,0,Crystal Palace,DEF,50,2.3,0.5,0.0,37,37
2.75,0.0,0.0,89.25,0.25,1.38,0.0,0.0,0.0,0.0,0.25,0.0,0.0,0.0,13.03,15.62,8.88,3.74,1.0,2.88,1.75,4.75,9.38,4525.5,5149.62,Mateus Gonçalo Espanha Fernandes,0,West Ham,MID,55,0.6,0.5,0.0,37,37
4.12,0.0,0.0,90.0,0.5,0.75,0.0,0.0,0.0,1.75,0.25,0.0,0.25,0.0,15.75,1.29,0.25,1.72,1.0,0.0,0.88,7.5,0.0,28826.38,35418.0,Gianluigi Donnarumma,0,Man City,GK,56,9.3,0.5,0.0,37,37
4.88,0.0,0.25,90.0,0.5,0.62,0.0,0.0,0.0,0.0,0.25,0.0,0.62,0.0,15.1,8.3,9.25,3.29,1.0,2.0,4.5,4.75,11.25,13431.75,6766.62,Ethan Ampadu,0,Leeds,MID,49,0.6,0.5,0.0,37,37
2.12,0.0,0.0,47.12,0.25,0.5,0.0,0.0,0.0,0.0,0.0,0.0,0.0,0.0,6.95,5.94,3.5,1.65,0.5,1.75,2.12,2.0,5.88,0.0,36497.75,Martín Zubimendi Ibáñez,0,Arsenal,MID,49,2.7,0.5,0.0,37,37
3.5,0.12,0.25,84.25,0.25,1.38,0.0,0.0,0.0,0.0,0.12,0.0,0.0,0.0,13.72,13.41,23.25,5.03,1.0,0.88,0.88,2.12,3.88,15211.75,22138.38,Cody Gakpo,0,Liverpool,MID,73,5.6,0.5,0.0,37,37
1.75,0.0,0.0,78.75,0.12,1.75,0.0,0.0,0.0,1.88,0.25,0.0,0.0,0.0,13.6,0.0,0.0,1.36,0.88,0.12,1.5,6.62,0.0,56441.75,30355.88,Dean Henderson,0,Crystal Palace,GK,51,9.0,0.5,0.0,37,37
2.25,0.0,0.25,24.5,0.12,0.12,0.0,0.0,0.0,0.0,0.0,0.0,0.38,0.0,9.05,14.33,9.12,3.24,0.12,0.88,0.12,2.12,3.12,3040.62,20970.12,Phil Foden,0,Man City,MID,80,7.8,0.5,0.0,37,37
2.5,0.0,0.12,67.88,0.12,1.62,0.0,0.0,0.0,0.0,0.12,0.0,0.0,0.0,20.95,1.85,6.25,2.91,0.75,1.0,6.62,1.75,7.62,20359.88,25796.75,Michael Keane,0,Everton,DEF,45,3.1,0.5,0.0,37,37
4.62,0.0,0.0,90.0,0.5,0.88,0.0,0.0,0.0,2.62,0.0,0.0,0.25,0.0,24.1,0.0,0.0,2.42,1.0,0.0,0.88,8.25,0.0,96837.5,29116.5,Bart Verbruggen,0,Brighton,GK,46,9.3,0.5,0.0,37,37
3.38,0.0,0.0,90.0,0.38,1.38,0.0,0.0,0.0,0.0,0.25,0.0,0.0,0.0,18.95,2.1,7.88,2.89,1.0,0.62,7.25,4.38,7.88,13468.88,14489.38,Nathan Collins,0,Brentford,DEF,49,2.4,0.5,0.0,37,37
2.12,0.0,0.0,74.75,0.12,1.5,0.0,0.0,0.0,0.0,0.12,0.0,0.0,0.0,15.95,1.14,0.25,1.74,0.88,0.88,5.0,2.25,5.88,15539.5,25160.62,Ibrahima Konaté,0,Liverpool,DEF,54,3.8,0.5,0.0,37,37
3.25,0.12,0.0,89.75,0.12,2.0,0.0,0.0,0.0,0.0,0.0,0.0,0.25,0.0,15.32,13.36,22.0,5.06,1.0,1.5,1.38,4.75,7.62,28798.62,21143.25,Iliman Ndiaye,0,Everton,MID,63,4.7,0.5,0.0,37,37
3.0,0.0,0.0,72.88,0.25,1.38,0.0,0.0,0.0,0.0,0.12,0.0,0.25,0.0,15.2,5.06,6.25,2.67,0.75,0.5,6.5,2.0,7.0,20271.12,19476.88,Chris Richards,0,Crystal Palace,DEF,44,2.2,0.5,0.0,37,37
4.12,0.5,0.12,43.88,0.25,0.25,0.0,0.0,0.0,0.0,0.12,0.0,0.62,0.0,20.3,5.31,22.12,4.78,0.38,0.12,0.62,0.75,1.5,83728.75,49086.25,Viktor Gyökeres,0,Arsenal,FWD,91,16.4,0.5,0.0,37,37
5.25,0.12,0.25,84.38,0.38,0.88,0.0,0.0,0.0,0.0,0.25,0.0,0.75,0.0,25.58,19.34,11.88,5.69,0.88,2.12,3.88,3.88,6.0,36597.5,12780.0,Neco Williams,0,Nott'm Forest,DEF,48,4.2,0.5,0.0,37,37
3.12,0.12,0.12,88.12,0.12,1.88,0.0,0.0,0.0,0.0,0.0,0.0,0.0,0.0,15.38,17.2,23.0,5.56,1.0,1.12,1.25,3.5,5.88,7772.12,8396.25,Jaidon Anthony,0,Burnley,MID,50,2.4,0.5,0.0,37,37
2.5,0.0,0.0,83.25,0.12,1.25,0.0,0.0,0.0,0.0,0.12,0.0,0.12,0.0,20.8,1.2,7.88,2.99,0.88,1.88,6.12,2.12,8.0,81912.75,71428.38,Malick Thiaw,0,Newcastle,DEF,49,4.7,0.5,0.0,37,37
4.12,0.38,0.12,68.25,0.5,0.5,0.0,0.0,0.0,0.0,0.12,0.0,0.5,0.0,21.42,9.31,39.62,7.04,0.88,0.75,1.75,1.75,4.25,156027.88,68387.25,Danny Welbeck,0,Brighton,FWD,63,8.4,0.5,0.0,37,37
15.75,0.62,0.38,274.0,0.62,4.62,0.0,0.0,0.0,0.0,1.0,0.0,2.12,0.0,79.75,18.48,36.88,13.54,2.88,13.75,12.5,11.5,37.75,49738.88,46972.12,João Maria J.Palhinha,0,Spurs,MID,55,0.9,0.5,0.0,37,37
2.5,0.0,0.25,62.12,0.25,0.38,0.0,0.0,0.0,0.0,0.12,0.0,0.0,0.0,10.7,14.41,6.62,3.17,0.88,0.62,1.5,3.12,5.25,21501.88,16969.75,Brenden Aaronson,0,Leeds,MID,54,0.8,0.5,0.0,37,37
3.12,0.0,0.0,78.0,0.25,1.38,0.0,0.0,0.0,0.0,0.12,0.0,0.0,0.0,14.65,2.4,9.0,2.6,1.0,0.88,6.5,3.5,7.38,20707.25,34470.38,Omar Alderete,0,Sunderland,DEF,41,4.9,0.5,0.0,37,37
1.62,0.0,0.12,53.38,0.0,1.25,0.0,0.0,0.0,0.0,0.0,0.0,0.0,0.0,7.25,14.43,9.5,3.12,0.62,0.5,0.25,1.38,2.12,13035.5,19928.25,Pedro Lomba Neto,0,Chelsea,MID,70,3.9,0.5,0.0,37,37
2.62,0.0,0.12,73.88,0.38,1.0,0.0,0.0,0.0,0.0,0.0,0.0,0.0,0.0,3.3,6.44,11.12,2.01,0.88,1.0,1.0,1.62,3.62,15004.25,19084.38,Kevin Schade,0,Brentford,MID,68,1.3,0.5,0.0,37,37
3.0,0.12,0.12,63.38,0.25,1.12,0.0,0.0,0.0,0.0,0.0,0.0,0.12,0.0,13.97,28.01,14.0,5.6,0.75,0.62,0.75,3.25,4.62,25455.38,40427.12,Florian Wirtz,0,Liverpool,MID,83,8.5,0.5,0.0,37,37
0.25,0.0,0.0,4.12,0.0,0.12,0.0,0.0,0.0,0.0,0.0,0.0,0.0,0.0,0.42,1.57,1.38,0.34,0.12,0.0,0.12,0.25,0.38,66218.5,365556.25,Hugo Ekitiké,0,Liverpool,FWD,90,15.7,0.5,0.0,37,37
3.38,0.0,0.0,90.0,0.38,0.88,0.0,0.0,0.0,2.25,0.12,0.0,0.0,0.0,17.55,0.0,0.0,1.74,1.0,0.0,0.75,6.25,0.0,30137.75,26860.62,Đorđe Petrović,0,Bournemouth,GK,46,5.2,0.5,0.0,37,37
3.62,0.0,0.12,90.0,0.25,1.62,0.0,0.0,0.0,0.0,0.38,0.0,0.38,0.0,16.55,18.29,2.25,3.71,1.0,1.75,2.75,7.0,11.5,5865.62,8206.75,Granit Xhaka,0,Sunderland,MID,51,3.2,0.5,0.0,37,37
3.75,0.0,0.0,73.88,0.38,0.88,0.0,0.0,0.0,0.0,0.12,0.12,0.38,0.0,16.67,2.4,3.0,2.18,0.88,1.0,7.0,2.88,8.0,45475.12,68877.75,Joachim Andersen,0,Fulham,DEF,44,2.8,0.5,0.0,37,37
2.62,0.25,0.0,34.88,0.12,0.38,0.0,0.0,0.0,0.0,0.0,0.0,0.38,0.0,13.0,12.86,12.12,3.8,0.38,0.75,0.12,1.5,2.38,24603.25,33906.62,Mohamed Salah,0,Liverpool,MID,140,15.2,0.5,0.0,37,37
4.62,0.0,0.0,90.0,0.38,1.0,0.0,0.0,0.0,3.12,0.0,0.0,0.62,0.0,24.25,0.0,0.0,2.42,1.0,0.0,1.25,8.12,0.0,22816.12,9746.38,Bernd Leno,0,Fulham,GK,50,2.3,0.5,0.0,37,37
6.5,0.38,0.0,90.0,0.25,1.38,0.12,0.0,0.0,0.0,0.0,0.0,0.62,0.0,40.35,5.06,17.38,6.29,1.0,1.75,10.5,3.88,12.25,42571.88,12370.25,Konstantinos Mavropanos,0,West Ham,DEF,45,2.6,0.5,0.0,37,37
2.88,0.0,0.12,78.75,0.12,1.62,0.0,0.0,0.0,2.88,0.0,0.0,0.12,0.0,24.85,1.25,0.0,2.6,0.88,0.0,0.25,7.75,0.0,25033.62,25042.88,Emiliano Martínez Romero,0,Aston Villa,GK,50,4.4,0.5,0.0,37,37
5.75,0.5,0.12,71.0,0.38,0.62,0.0,0.0,0.0,0.0,0.0,0.0,0.75,0.0,29.48,33.75,31.5,9.48,0.75,0.88,0.62,3.88,5.38,71800.25,4888.62,Jérémy Doku,0,Man City,MID,65,6.6,0.5,0.0,37,37
4.25,0.0,0.12,84.38,0.38,0.88,0.0,0.0,0.0,0.0,0.0,0.0,0.12,0.0,17.4,0.99,1.5,1.97,0.88,1.12,7.25,2.75,8.38,8240.5,5619.5,Nikola Milenković,0,Nott'm Forest,DEF,51,3.3,0.5,0.0,37,37
2.5,0.12,0.12,40.25,0.38,0.12,0.0,0.0,0.0,0.0,0.12,0.0,0.25,0.0,10.83,11.94,13.62,3.64,0.38,0.25,0.5,1.5,2.25,19672.25,707.0,Leandro Trossard,0,Arsenal,MID,66,1.8,0.5,0.0,37,37
14.88,1.38,0.5,244.25,0.88,3.38,0.0,0.0,0.0,0.0,0.62,0.0,2.12,0.0,75.32,29.95,101.88,20.65,2.5,3.38,7.5,7.5,18.38,437068.25,392927.75,Richarlison Richarlison,0,Spurs,FWD,65,8.7,0.5,0.0,37,37
5.12,0.12,0.0,90.0,0.5,0.88,0.0,0.0,0.0,0.0,0.0,0.0,0.38,0.0,17.27,12.08,13.0,4.24,1.0,1.12,4.12,2.75,5.25,24017.38,6708.25,Ferdi Kadıoğlu,0,Brighton,DEF,45,1.4,0.5,0.0,37,37
3.88,0.25,0.0,83.12,0.62,0.75,0.0,0.0,0.0,0.0,0.38,0.0,0.38,0.0,20.35,26.42,18.5,6.54,1.0,2.25,1.25,3.0,6.5,26865.75,15705.62,Yankuba Minteh,0,Brighton,MID,55,2.5,0.5,0.0,37,37
2.0,0.0,0.12,77.38,0.12,1.38,0.0,0.0,0.0,0.0,0.25,0.0,0.12,0.0,12.75,10.79,3.88,2.74,0.88,2.25,2.12,1.5,4.38,22818.5,61878.5,Matty Cash,0,Aston Villa,DEF,46,7.4,0.5,0.0,37,37
14.62,0.12,0.38,349.12,1.12,5.0,0.0,0.0,0.0,0.0,1.25,0.0,1.0,0.0,86.28,110.21,25.25,22.19,4.0,9.5,17.75,16.5,27.25,242715.12,394975.38,Pedro Pedro Porro,0,Spurs,DEF,52,11.7,0.5,0.0,37,37
3.25,0.25,0.12,61.5,0.12,1.12,0.0,0.0,0.0,0.0,0.0,0.0,0.0,0.0,12.45,8.62,25.12,4.61,0.5,0.12,0.38,2.38,2.88,89053.12,42270.25,Ismaïla Sarr,0,Crystal Palace,MID,64,5.6,0.5,0.0,37,37
1.62,0.0,0.0,73.12,0.12,1.0,0.0,0.0,0.0,0.0,0.25,0.0,0.0,0.0,10.95,1.84,1.0,1.39,0.88,0.88,2.62,3.0,3.5,15970.62,90518.88,Micky van de Ven,0,Spurs,DEF,44,17.6,0.5,0.0,37,37
2.75,0.12,0.12,86.38,0.12,1.75,0.0,0.0,0.0,0.0,0.38,0.0,0.0,0.0,16.23,5.86,10.0,3.21,1.0,1.0,5.0,3.0,6.0,4973.38,3902.5,Jake O'Brien,0,Everton,DEF,49,0.7,0.5,0.0,37,37
0.25,0.0,0.0,25.38,0.0,1.0,0.0,0.0,0.0,0.0,0.12,0.12,0.0,0.0,6.3,3.45,2.75,1.25,0.38,0.38,2.38,1.12,2.75,16961.0,30817.12,Daniel Ballard,0,Sunderland,DEF,46,2.4,0.5,0.0,37,37
0.38,0.0,0.0,14.62,0.0,0.12,0.0,0.0,0.0,0.0,0.0,0.0,0.0,0.0,3.17,8.46,1.38,1.3,0.12,0.12,0.75,1.0,0.88,9162.25,47791.12,Reece James,0,Chelsea,DEF,56,6.0,0.5,0.0,37,37
3.88,0.0,0.25,90.0,0.38,1.38,0.0,0.0,0.0,0.0,0.0,0.0,0.25,0.0,17.05,18.74,15.0,5.09,1.0,0.75,2.5,5.0,3.25,8945.38,9584.38,Keane Lewis-Potter,0,Brentford,DEF,48,1.5,0.5,0.0,37,37
14.38,0.75,0.88,342.62,1.38,5.0,0.0,0.0,0.0,0.0,0.25,0.0,0.75,0.0,43.82,49.74,101.12,19.44,4.0,1.62,5.25,10.0,16.88,168047.75,164208.25,Francisco Evanilson Evanilson,0,Bournemouth,FWD,66,2.4,0.5,0.0,37,37
3.0,0.38,0.0,36.62,0.0,0.75,0.0,0.0,0.0,0.0,0.0,0.0,0.38,0.0,15.43,5.11,13.12,3.31,0.25,0.25,0.88,0.75,1.88,57259.25,21613.5,Jean-Philippe Mateta,0,Crystal Palace,FWD,76,8.1,0.5,0.0,37,37
14.25,0.75,0.75,286.62,1.12,4.62,0.0,0.0,0.0,0.0,0.25,0.0,1.62,0.0,52.58,30.09,90.75,17.05,3.5,3.0,4.75,7.62,15.38,88218.0,65384.62,Igor Jesus Igor Jesus,0,Nott'm Forest,FWD,59,2.4,0.5,0.0,37,37
1.75,0.0,0.0,78.5,0.0,1.62,0.0,0.0,0.12,0.0,0.0,0.0,0.0,0.0,8.75,18.71,14.38,4.2,0.88,1.0,0.75,3.12,4.88,104369.62,160555.38,Cole Palmer,0,Chelsea,MID,103,12.6,0.5,0.0,37,37
3.25,0.0,0.12,68.5,0.38,0.75,0.0,0.0,0.0,0.0,0.12,0.0,0.0,0.0,18.08,5.03,7.62,3.07,0.75,0.75,5.5,2.25,6.25,11412.12,10159.5,Sepp van den Berg,0,Brentford,DEF,44,1.0,0.5,0.0,37,37
2.62,0.12,0.0,58.25,0.5,0.38,0.0,0.0,0.0,0.0,0.0,0.0,0.0,0.0,6.33,10.2,10.88,2.72,0.75,0.38,0.38,2.5,3.25,34853.75,19451.5,Eberechi Eze,0,Arsenal,MID,73,8.7,0.5,0.0,37,37
4.62,0.12,0.0,87.75,0.38,1.12,0.0,0.0,0.0,0.0,0.5,0.0,0.38,0.0,19.98,6.01,4.88,3.11,1.0,2.5,6.12,2.75,8.62,9306.5,4546.62,Luke Shaw,0,Man Utd,DEF,45,1.1,0.5,0.0,37,37
1.5,0.12,0.0,47.0,0.5,0.0,0.0,0.0,0.0,0.0,0.12,0.0,0.25,0.0,6.35,8.9,9.12,2.4,0.62,0.12,1.12,1.12,2.38,0.0,35500.5,Junior Kroupi,0,Bournemouth,FWD,47,7.6,0.5,0.0,37,37
1.75,0.0,0.0,75.75,0.0,1.88,0.0,0.0,0.0,2.75,0.0,0.0,0.0,0.0,20.45,0.0,0.0,2.04,0.88,0.0,0.62,6.75,0.0,10157.5,65938.25,Robert Lynch Sánchez,0,Chelsea,GK,48,10.3,0.5,0.0,37,37
14.12,0.25,0.0,267.38,1.5,2.75,0.0,0.0,0.0,0.0,0.38,0.0,0.5,0.0,70.1,19.02,12.0,10.12,3.0,1.62,19.25,9.25,20.88,119558.5,138214.5,Rúben Rúben,0,Man City,DEF,55,3.1,0.5,0.0,37,37
3.38,0.12,0.0,68.0,0.25,0.88,0.0,0.0,0.0,0.0,0.0,0.0,0.38,0.0,12.75,16.76,8.88,3.85,0.88,2.12,1.25,5.5,8.88,9340.88,7749.12,Mikkel Damsgaard,0,Brentford,MID,56,0.8,0.5,0.0,37,37
4.12,0.12,0.12,90.0,0.38,1.38,0.0,0.0,0.0,0.0,0.25,0.0,0.38,0.0,18.97,10.77,6.62,3.65,1.0,1.0,3.88,4.0,4.88,13390.0,6297.25,Michael Kayode,0,Brentford,DEF,46,1.0,0.5,0.0,37,37
2.62,0.12,0.0,50.12,0.0,1.12,0.0,0.0,0.0,0.0,0.0,0.0,0.25,0.0,14.35,22.75,4.12,4.12,0.38,1.25,1.5,3.88,6.62,6323.5,3790.62,Adam Wharton,0,Crystal Palace,MID,50,0.7,0.5,0.0,37,37
14.0,1.12,0.62,272.88,1.12,3.5,0.0,0.0,0.0,0.0,0.62,0.0,0.88,0.0,59.92,41.44,91.12,19.14,3.38,4.38,5.25,6.88,16.5,111987.38,117767.38,Raúl Raúl,0,Fulham,FWD,59,1.8,0.5,0.0,37,37
13.88,0.12,0.75,326.12,0.88,5.0,0.0,0.0,0.0,0.0,0.62,0.0,1.12,0.0,66.97,57.31,25.25,14.95,3.62,6.62,15.88,16.88,22.5,147953.12,119451.25,Diogo Dalot,0,Man Utd,DEF,45,3.8,0.5,0.0,37,37
2.75,0.38,0.0,41.88,0.12,0.5,0.0,0.0,0.0,0.0,0.12,0.0,0.25,0.0,14.2,2.82,18.12,3.49,0.5,0.0,0.12,1.25,1.38,46283.5,53679.62,Benjamin Sesko,0,Man Utd,FWD,72,4.6,0.5,0.0,37,37
4.0,0.0,0.0,90.0,0.38,0.88,0.25,0.0,0.0,0.0,0.25,0.0,0.25,0.0,23.45,9.37,5.62,3.85,1.0,1.88,9.12,4.12,11.0,56136.75,51210.12,James Hill,0,Bournemouth,DEF,42,7.4,0.5,0.0,37,37
2.12,0.12,0.0,67.88,0.12,1.25,0.12,0.0,0.0,0.0,0.25,0.0,0.0,0.0,13.8,10.84,6.25,3.1,0.75,1.25,2.88,2.5,4.12,1608.88,1469.0,Trai Hume,0,Sunderland,DEF,45,0.3,0.5,0.0,37,37
1.5,0.0,0.0,65.5,0.25,1.0,0.0,0.0,0.0,0.0,0.25,0.0,0.0,0.0,5.3,12.26,7.62,2.49,0.75,1.25,1.0,3.38,5.62,10953.0,37831.62,Crysencio Summerville,0,West Ham,MID,54,1.6,0.5,0.0,37,37
1.88,0.0,0.0,83.5,0.0,2.0,0.0,0.0,0.0,0.0,0.38,0.0,0.0,0.0,9.33,13.83,2.12,2.53,1.0,2.0,1.62,5.12,8.75,6252.12,14703.0,Moisés Caicedo Corozo,0,Chelsea,MID,57,7.1,0.5,0.0,37,37
2.62,0.0,0.0,34.88,0.38,0.0,0.0,0.0,0.0,0.0,0.0,0.0,0.25,0.0,6.07,8.13,9.88,2.41,0.5,0.12,1.0,1.62,1.12,0.0,8484.88,Riccardo Calafiori,0,Arsenal,DEF,56,6.0,0.5,0.0,37,37
3.88,0.0,0.0,90.0,0.25,1.25,0.0,0.0,0.0,3.0,0.0,0.0,0.62,0.0,23.28,0.0,0.0,2.33,1.0,0.0,0.62,7.5,0.0,26550.75,10968.38,Senne Lammens,0,Man Utd,GK,51,3.6,0.5,0.0,37,37
5.25,0.5,0.12,35.88,0.25,0.25,0.0,0.0,0.0,0.0,0.0,0.0,1.0,0.0,23.02,9.4,14.12,4.66,0.5,0.38,1.0,1.88,3.25,63799.88,42090.0,Noah Okafor,0,Leeds,MID,55,0.9,0.5,0.0,37,37
2.88,0.0,0.0,62.0,0.38,0.5,0.0,0.0,0.0,0.0,0.25,0.0,0.0,0.0,14.25,7.76,8.62,3.09,0.62,0.5,4.75,1.25,5.25,14445.0,29988.75,Joe Rodon,0,Leeds,DEF,39,3.0,0.5,0.0,37,37
2.5,0.12,0.12,36.12,0.25,0.38,0.0,0.0,0.0,0.0,0.0,0.0,0.25,0.0,10.3,12.49,5.25,2.8,0.5,0.62,0.62,1.88,3.12,4805.12,18182.38,Nick Woltemade,0,Newcastle,FWD,67,6.5,0.5,0.0,37,37
3.38,0.0,0.0,73.38,0.38,0.62,0.0,0.0,0.0,0.0,0.25,0.0,0.12,0.0,16.08,3.77,6.75,2.66,0.88,1.12,6.38,2.5,7.5,58334.12,30679.75,Pascal Struijk,0,Leeds,DEF,42,1.9,0.5,0.0,37,37
3.88,0.0,0.38,71.0,0.0,1.5,0.0,0.0,0.0,0.0,0.25,0.0,0.5,0.0,11.62,17.9,7.38,3.64,0.75,0.88,1.75,4.0,6.62,12345.62,17408.25,Alexis Mac Allister,0,Liverpool,MID,61,1.8,0.5,0.0,37,37
2.75,0.0,0.12,77.75,0.0,1.88,0.0,0.0,0.0,0.0,0.12,0.0,0.25,0.0,12.7,8.31,3.25,2.41,0.88,3.0,1.88,4.5,9.38,1310.38,5733.38,João Victor Gomes da Silva,0,Wolves,MID,53,0.3,0.5,0.0,37,37
3.38,0.25,0.12,52.88,0.12,0.88,0.0,0.0,0.0,0.0,0.0,0.0,0.12,0.0,13.77,10.7,12.0,3.65,0.5,0.12,0.62,1.88,2.62,7918.88,7196.62,Harvey Barnes,0,Newcastle,MID,61,1.3,0.5,0.0,37,37
4.75,0.0,0.0,90.0,0.38,0.88,0.0,0.12,0.0,3.62,0.0,0.0,0.0,0.0,29.08,0.0,0.0,2.91,1.0,0.0,0.5,6.12,0.0,9065.38,4848.38,Matz Sels,0,Nott'm Forest,GK,46,5.0,0.5,0.0,37,37
3.5,0.0,0.12,79.75,0.38,1.12,0.0,0.0,0.0,0.0,0.0,0.0,0.12,0.0,14.12,6.91,0.88,2.19,0.88,2.12,3.0,5.5,10.62,361.12,434.0,Yehor Yarmoliuk,0,Brentford,MID,50,0.1,0.5,0.0,37,37
5.62,0.62,0.12,62.25,0.25,0.62,0.0,0.0,0.0,0.0,0.12,0.0,1.12,0.0,28.02,8.95,31.38,6.84,0.88,0.25,2.12,0.38,2.75,30461.12,15214.38,Norberto Bercique Gomes Betuncal,0,Everton,FWD,51,3.3,0.5,0.0,37,37
1.5,0.0,0.12,90.0,0.0,2.0,0.0,0.0,0.0,0.0,0.38,0.0,0.0,0.0,15.47,22.59,14.38,5.26,1.0,1.25,3.62,3.0,4.88,43100.12,32504.5,Marc Cucurella Saseta,0,Chelsea,DEF,61,14.6,0.5,0.0,37,37
2.38,0.0,0.0,87.88,0.25,1.25,0.0,0.0,0.0,0.0,0.25,0.0,0.0,0.0,18.17,27.01,5.75,5.09,1.0,1.75,3.25,4.88,5.0,15421.12,10255.88,El Hadji Malick Diouf,0,West Ham,DEF,41,2.4,0.5,0.0,37,37
3.88,0.0,0.0,90.0,0.38,1.0,0.0,0.0,0.0,0.0,0.0,0.0,0.38,0.0,17.8,5.02,4.5,2.75,1.0,2.38,3.38,4.0,5.75,12448.0,6061.25,Calvin Bassey,0,Fulham,DEF,44,0.8,0.5,0.0,37,37
3.88,0.25,0.25,67.62,0.12,0.88,0.0,0.0,0.0,0.0,0.25,0.0,0.25,0.0,18.25,27.51,13.62,5.9,0.88,0.12,0.38,2.25,2.75,6756.0,3202.75,John McGinn,0,Aston Villa,MID,53,0.7,0.5,0.0,37,37
1.12,0.0,0.0,47.25,0.12,0.5,0.0,0.0,0.0,0.0,0.12,0.0,0.0,0.0,8.0,14.94,9.75,3.26,0.62,0.5,0.88,3.12,4.5,16883.88,31248.75,Alex Iwobi,0,Fulham,MID,61,1.1,0.5,0.0,37,37
3.38,0.12,0.0,85.5,0.25,1.25,0.0,0.0,0.0,0.0,0.12,0.0,0.38,0.0,17.75,6.27,8.62,3.28,1.0,2.62,3.62,2.25,8.5,3365.38,2031.25,Tomáš Souček,0,West Ham,MID,57,0.5,0.5,0.0,37,37
12.75,0.25,0.5,358.62,1.62,3.75,0.0,0.0,0.0,0.0,1.25,0.0,0.5,0.0,64.25,101.12,44.12,20.98,4.25,6.75,7.75,18.25,32.75,16866.88,19974.12,Bernardo Bernardo,0,Man City,MID,62,0.7,0.5,0.0,37,37
2.12,0.12,0.0,38.5,0.0,0.88,0.0,0.0,0.0,0.0,0.12,0.0,0.0,0.0,8.42,8.11,9.0,2.55,0.38,0.75,1.5,2.38,4.62,1795.0,3345.0,Emiliano Buendía Stati,0,Aston Villa,MID,53,0.4,0.5,0.0,37,37
3.0,0.25,0.0,31.0,0.25,0.12,0.0,0.0,0.0,0.0,0.0,0.0,0.75,0.0,10.62,2.54,8.25,2.15,0.38,0.5,0.25,1.12,1.88,108743.75,99831.38,Anthony Gordon,0,Newcastle,MID,72,3.1,0.5,0.0,37,37
3.62,0.12,0.0,45.25,0.25,0.38,0.0,0.0,0.0,0.0,0.12,0.0,0.62,0.0,11.95,3.26,7.62,2.29,0.5,0.38,2.75,2.25,3.12,3326.5,3907.75,Lewis Dunk,0,Brighton,DEF,45,1.0,0.5,0.0,37,37
1.5,0.0,0.0,67.5,0.12,1.38,0.0,0.0,0.0,0.0,0.0,0.0,0.0,0.0,12.72,2.57,2.5,1.8,0.75,0.25,3.38,2.5,3.62,14342.5,26989.25,Ezri Konsa Ngoyo,0,Aston Villa,DEF,44,7.0,0.5,0.0,37,37
3.5,0.38,0.0,84.38,0.12,1.88,0.0,0.0,0.0,0.0,0.25,0.0,0.25,0.0,17.4,9.36,22.5,4.93,1.0,1.25,2.25,1.5,5.0,3442.38,4165.25,Zian Flemming,0,Burnley,FWD,53,0.8,0.5,0.0,37,37
6.25,0.0,0.12,86.62,0.5,0.5,0.0,0.0,0.0,0.0,0.12,0.0,0.5,0.0,27.6,5.62,5.5,3.89,1.0,1.12,10.75,2.25,11.88,21120.75,8917.0,Jaka Bijol,0,Leeds,DEF,39,1.3,0.5,0.0,37,37
3.88,0.12,0.0,86.5,0.38,1.38,0.0,0.0,0.0,0.0,0.0,0.0,0.12,0.0,19.33,25.08,5.62,5.01,1.0,1.62,3.38,5.12,10.12,1827.62,851.12,Mathias Jensen,0,Brentford,MID,49,0.1,0.5,0.0,37,37
1.88,0.0,0.12,26.25,0.12,0.38,0.0,0.0,0.0,0.0,0.0,0.0,0.0,0.0,6.05,4.54,3.12,1.39,0.25,0.5,0.88,1.5,2.88,2358.75,3157.0,Yasin Ayari,0,Brighton,MID,48,0.4,0.5,0.0,37,37
12.12,0.62,0.12,264.62,1.0,3.62,0.0,0.0,0.0,0.0,1.12,0.0,1.12,0.0,54.78,39.96,54.0,14.88,3.25,9.62,6.12,14.0,29.75,28149.12,24019.88,Diego Gomez,0,Brighton,MID,49,0.4,0.5,0.0,37,37
2.88,0.0,0.38,58.0,0.12,1.12,0.0,0.0,0.0,0.0,0.0,0.0,0.12,0.0,15.07,18.33,2.75,3.62,0.62,1.25,3.0,1.25,4.25,5541.5,4638.25,Lucas Digne,0,Aston Villa,DEF,45,1.5,0.5,0.0,37,37
1.75,0.0,0.12,45.38,0.0,1.12,0.0,0.0,0.0,0.0,0.0,0.0,0.0,0.0,6.02,2.31,2.12,1.05,0.5,0.62,1.25,1.5,3.38,339.75,616.62,Lesley Ugochukwu,0,Burnley,MID,50,0.1,0.5,0.0,37,37
12.0,0.12,0.0,345.0,0.25,6.62,0.0,0.0,0.0,0.0,1.5,0.0,0.5,0.0,52.88,40.08,5.75,9.86,3.75,10.12,11.25,26.5,47.88,3465.12,3525.12,André André,0,Wolves,MID,52,0.1,0.5,0.0,37,37
1.5,0.0,0.0,45.0,0.0,0.5,0.0,0.0,0.0,2.25,0.12,0.0,0.0,0.0,17.25,0.0,0.0,1.74,0.5,0.0,0.25,4.75,0.0,4835.75,8832.0,Nick Pope,0,Newcastle,GK,50,4.5,0.5,0.0,37,37
3.0,0.0,0.25,56.25,0.25,0.25,0.0,0.0,0.0,0.0,0.12,0.0,0.12,0.0,11.25,12.04,3.38,2.69,0.62,1.38,2.38,2.25,3.75,12509.38,7725.25,Jayden Bogle,0,Leeds,DEF,44,0.4,0.5,0.0,37,37
2.0,0.0,0.0,67.5,0.12,1.62,0.0,0.0,0.0,2.62,0.0,0.0,0.0,0.0,21.0,0.0,0.0,2.11,0.75,0.0,0.75,7.62,0.0,13821.62,112578.88,Martin Dúbravka,0,Burnley,GK,40,25.7,0.5,0.0,37,37
1.0,0.0,0.0,65.88,0.0,1.62,0.0,0.0,0.0,0.0,0.12,0.0,0.0,0.0,10.7,18.2,4.88,3.39,0.88,1.0,2.25,3.12,3.25,10310.5,11772.5,Malo Gusto,0,Chelsea,DEF,48,1.7,0.5,0.0,37,37
2.12,0.0,0.0,90.0,0.12,2.0,0.0,0.0,0.0,0.0,0.12,0.0,0.12,0.0,18.1,11.98,0.75,3.07,1.0,1.88,5.62,2.88,7.5,4572.88,3724.88,Vitalii Mykolenko,0,Everton,DEF,49,0.7,0.5,0.0,37,37
0.38,0.0,0.0,6.25,0.0,0.0,0.0,0.0,0.0,0.0,0.0,0.0,0.0,0.0,0.85,2.24,3.0,0.59,0.0,0.0,0.25,0.5,0.25,2290.38,18476.75,Patrick Dorgu,0,Man Utd,DEF,41,2.4,0.5,0.0,37,37
2.12,0.12,0.0,26.38,0.25,0.0,0.0,0.0,0.0,0.0,0.0,0.0,0.38,0.0,9.12,3.49,5.25,1.81,0.25,1.0,1.12,1.62,3.75,374.88,666.0,Ryan Sessegnon,0,Fulham,MID,54,0.1,0.5,0.0,37,37
2.38,0.25,0.0,27.0,0.0,1.38,0.0,0.0,0.0,0.0,0.0,0.0,0.25,0.0,11.68,4.61,9.62,2.56,0.12,0.38,0.75,0.5,1.62,4349.75,9630.88,Thierno Barry,0,Everton,FWD,57,0.8,0.5,0.0,37,37
3.38,0.25,0.0,52.75,0.25,0.5,0.0,0.0,0.0,0.0,0.25,0.0,0.38,0.0,15.92,5.25,6.25,2.74,0.75,1.25,2.25,2.88,6.38,12541.62,9143.25,Mats Wieffer,0,Brighton,MID,48,0.3,0.5,0.0,37,37
5.5,0.12,0.0,90.0,0.5,0.62,0.0,0.0,0.0,0.0,0.25,0.0,0.38,0.0,23.35,8.31,11.38,4.31,1.0,3.12,6.25,3.12,9.38,29709.25,9473.0,James Justin,0,Leeds,DEF,40,2.3,0.5,0.0,37,37
2.25,0.12,0.0,50.5,0.0,0.75,0.0,0.0,0.0,0.0,0.25,0.0,0.0,0.0,17.4,2.36,13.75,3.36,0.5,0.88,5.38,1.38,6.25,8956.88,4829.75,Dan Burn,0,Newcastle,DEF,50,3.6,0.5,0.0,37,37
3.12,0.25,0.0,83.38,0.25,1.5,0.0,0.0,0.0,0.0,0.38,0.0,0.5,0.0,12.12,12.96,31.0,5.56,1.0,0.25,1.0,1.5,2.75,15718.88,12591.88,Brian Brobbey,0,Sunderland,FWD,53,0.9,0.5,0.0,37,37
0.25,0.0,0.0,9.25,0.0,0.0,0.0,0.0,0.0,0.0,0.0,0.0,0.0,0.0,1.3,2.99,1.75,0.6,0.12,0.0,0.38,0.75,1.12,1380.38,12502.12,Tijjani Reijnders,0,Man City,MID,50,8.9,0.5,0.0,37,37
11.5,0.38,0.25,319.0,0.5,5.88,0.0,0.0,0.0,0.0,0.5,0.0,0.5,0.0,76.4,16.48,32.38,12.5,3.5,6.38,20.62,8.25,27.0,6418.62,4749.38,Santiago S.Bueno,0,Wolves,DEF,44,0.2,0.5,0.0,37,37
11.38,0.25,0.62,292.38,0.75,4.12,0.0,0.0,0.0,0.0,0.25,0.0,0.88,0.0,54.58,74.51,75.0,20.44,3.38,4.75,6.0,14.0,24.75,56399.88,80530.75,Amad Amad,0,Man Utd,MID,62,1.3,0.5,0.0,37,37
0.5,0.0,0.0,11.25,0.0,0.12,0.0,0.0,0.0,0.75,0.0,0.0,0.0,0.0,4.93,0.0,0.0,0.49,0.12,0.0,0.25,1.25,0.0,4585.5,25273.0,Alisson Becker,0,Liverpool,GK,54,5.1,0.5,0.0,37,37
0.25,0.0,0.0,19.88,0.0,0.5,0.0,0.0,0.0,0.0,0.12,0.0,0.0,0.0,3.95,2.85,2.12,0.9,0.25,0.62,1.25,1.0,1.88,2071.5,5774.0,Cristian Romero,0,Spurs,DEF,50,2.9,0.5,0.0,37,37
4.88,0.38,0.12,82.75,0.62,0.5,0.0,0.0,0.0,0.0,0.0,0.0,0.0,0.0,18.8,12.68,30.25,6.16,1.0,0.62,0.88,1.88,3.38,27965.62,4284.38,Jack Hinshelwood,0,Brighton,MID,52,1.6,0.5,0.0,37,37
1.88,0.0,0.12,49.0,0.25,0.5,0.0,0.0,0.0,0.0,0.12,0.0,0.0,0.0,5.0,6.29,3.25,1.44,0.62,1.0,1.0,2.0,4.0,354.25,358.62,Sander Berge,0,Fulham,MID,49,0.1,0.5,0.0,37,37
0.62,0.0,0.0,22.5,0.0,0.5,0.0,0.0,0.0,0.88,0.0,0.0,0.0,0.0,7.2,1.25,0.0,0.85,0.25,0.0,0.12,2.0,0.0,964.62,15922.5,Guglielmo Vicario,0,Spurs,GK,47,4.7,0.5,0.0,37,37
2.75,0.0,0.12,65.88,0.12,1.0,0.0,0.0,0.0,0.0,0.12,0.12,0.25,0.0,17.25,3.22,9.5,3.0,0.75,1.38,6.25,2.75,7.62,11662.62,12689.62,Harry Maguire,0,Man Utd,DEF,44,1.7,0.5,0.0,37,37
2.12,0.0,0.0,53.12,0.25,0.38,0.0,0.0,0.0,0.0,0.12,0.0,0.0,0.0,10.57,7.61,1.25,1.95,0.62,1.5,2.62,3.75,7.88,295.12,351.0,Ibrahim Sangaré,0,Nott'm Forest,MID,49,0.1,0.5,0.0,37,37
4.0,0.0,0.0,85.38,0.12,1.0,0.0,0.0,0.0,0.0,0.12,0.0,0.25,0.0,29.42,4.42,7.25,4.11,1.0,1.38,11.12,3.38,12.5,2545.5,1394.0,Sven Botman,0,Newcastle,DEF,49,0.5,0.5,0.0,37,37
1.75,0.0,0.25,25.5,0.12,0.12,0.0,0.0,0.0,0.0,0.0,0.0,0.25,0.0,6.73,10.44,3.75,2.1,0.38,0.12,0.5,0.5,1.12,1493.25,2665.75,Callum Hudson-Odoi,0,Nott'm Forest,MID,57,0.6,0.5,0.0,37,37
1.88,0.0,0.12,26.75,0.12,0.25,0.0,0.0,0.0,0.0,0.0,0.0,0.12,0.0,9.75,2.97,1.5,1.43,0.25,1.25,2.12,0.5,3.38,11933.38,8990.25,Piero Hincapié,0,Arsenal,DEF,51,0.9,0.5,0.0,37,37
10.88,0.38,0.62,222.0,0.88,2.5,0.12,0.0,0.0,0.0,0.25,0.0,0.25,0.0,42.32,43.69,56.0,14.19,2.5,4.0,4.75,7.62,16.38,18151.62,33294.38,Georginio Georginio,0,Brighton,MID,56,0.3,0.5,0.0,37,37
2.12,0.0,0.0,49.0,0.25,0.5,0.0,0.0,0.0,0.0,0.25,0.0,0.12,0.0,8.52,4.44,4.88,1.79,0.62,2.0,2.25,2.88,7.12,395.0,255.0,Rodrigo Bentancur,0,Spurs,MID,52,0.2,0.5,0.0,37,37
1.5,0.12,0.0,36.62,0.0,1.0,0.0,0.0,0.0,0.0,0.0,0.0,0.0,0.0,7.33,4.5,2.62,1.45,0.38,0.12,1.25,1.38,1.38,4445.62,6413.12,Milos Kerkez,0,Liverpool,DEF,56,2.9,0.5,0.0,37,37
3.12,0.0,0.0,86.75,0.12,2.0,0.0,0.0,0.0,0.0,0.12,0.0,0.0,0.0,25.6,0.44,1.62,2.78,1.0,1.75,9.5,3.62,11.25,6620.5,22732.38,Maxime Estève,0,Burnley,DEF,38,7.0,0.5,0.0,37,37
3.0,0.0,0.38,28.5,0.12,0.38,0.0,0.0,0.0,0.0,0.0,0.0,0.38,0.0,12.83,19.06,1.88,3.38,0.25,0.38,1.25,1.5,1.62,3371.75,4399.38,Maxim De Cuyper,0,Brighton,DEF,43,1.7,0.5,0.0,37,37
10.5,0.0,0.25,262.5,0.25,5.62,0.0,0.0,0.0,0.0,0.75,0.0,0.0,0.0,52.62,29.31,7.0,8.93,3.12,11.12,13.88,14.12,39.12,2012.38,1775.5,Florentino Ibrain Florentino,0,Burnley,MID,50,0.0,0.5,0.0,37,37
10.38,0.12,0.38,294.88,0.5,5.5,0.0,0.0,0.0,0.0,0.38,0.0,0.5,0.0,69.32,84.24,21.5,17.55,3.25,8.0,13.5,14.38,21.5,8098.0,7011.5,Hugo H.Bueno,0,Wolves,DEF,43,0.2,0.5,0.0,37,37
10.38,0.12,0.0,266.25,0.75,3.62,0.25,0.0,0.0,0.0,0.62,0.0,0.38,0.0,67.78,14.44,10.25,9.25,3.12,4.38,23.5,12.75,27.88,39473.5,108586.88,Murillo Murillo,0,Nott'm Forest,DEF,52,1.8,0.5,0.0,37,37
2.62,0.0,0.25,53.5,0.12,0.62,0.0,0.0,0.0,0.0,0.0,0.0,0.0,0.0,11.78,5.3,5.62,2.28,0.62,0.62,2.38,3.0,6.0,814.25,682.12,Idrissa Gana Gueye,0,Everton,MID,54,0.1,0.5,0.0,37,37
2.25,0.12,0.0,50.88,0.12,0.5,0.0,0.0,0.0,0.0,0.0,0.0,0.12,0.0,7.57,4.98,10.62,2.32,0.5,0.38,0.62,1.62,2.62,533.12,487.0,Chemsdine Talbi,0,Sunderland,MID,49,0.2,0.5,0.0,37,37
2.12,0.0,0.12,55.75,0.25,0.75,0.0,0.0,0.0,0.0,0.12,0.0,0.0,0.0,7.7,10.6,9.38,2.79,0.62,0.25,0.88,3.0,4.12,312.62,364.62,Omari Hutchinson,0,Nott'm Forest,MID,54,0.1,0.5,0.0,37,37
2.5,0.0,0.12,53.38,0.25,0.75,0.0,0.0,0.0,0.0,0.12,0.0,0.38,0.0,9.62,9.16,5.88,2.45,0.62,0.88,1.5,1.62,4.0,1511.25,1025.75,Jacob Murphy,0,Newcastle,MID,59,0.6,0.5,0.0,37,37
0.75,0.0,0.0,11.25,0.12,0.0,0.0,0.0,0.0,0.0,0.0,0.0,0.0,0.0,2.25,0.88,0.0,0.31,0.12,0.25,0.75,0.5,1.0,2263.75,3599.0,Kenny Tete,0,Fulham,DEF,45,0.2,0.5,0.0,37,37
1.25,0.0,0.0,62.12,0.0,0.88,0.0,0.0,0.0,0.0,0.12,0.0,0.0,0.0,7.67,12.58,4.12,2.45,0.75,0.75,2.0,3.0,5.75,3229.12,3468.5,Sandro Tonali,0,Newcastle,MID,53,1.0,0.5,0.0,37,37
3.0,0.0,0.12,74.88,0.0,1.62,0.0,0.0,0.0,0.0,0.12,0.0,0.25,0.0,15.27,8.53,5.75,2.96,0.75,1.75,3.12,6.38,11.25,341.38,324.25,Curtis Jones,0,Liverpool,MID,54,0.1,0.5,0.0,37,37
2.62,0.0,0.12,85.88,0.25,1.62,0.0,0.0,0.0,0.0,0.25,0.0,0.0,0.0,10.5,13.54,12.12,3.64,1.0,1.38,1.62,4.0,7.0,358.38,239.88,Noah Sadiki,0,Sunderland,MID,49,0.1,0.5,0.0,37,37
10.0,0.25,0.62,218.38,0.5,4.5,0.0,0.0,0.0,0.0,0.62,0.12,0.88,0.0,43.7,66.72,31.88,14.24,2.38,4.25,3.5,10.88,18.62,133469.5,124374.0,Xavi Xavi,0,Spurs,MID,63,1.1,0.5,0.0,37,37
1.62,0.0,0.0,49.25,0.25,0.5,0.0,0.0,0.0,0.0,0.0,0.0,0.0,0.0,5.0,8.54,9.5,2.3,0.62,1.38,1.0,1.62,4.0,1229.0,1914.25,Emile Smith Rowe,0,Fulham,MID,56,0.5,0.5,0.0,37,37
1.38,0.12,0.0,24.62,0.0,0.75,0.0,0.0,0.0,0.0,0.12,0.0,0.0,0.0,4.75,0.61,10.62,1.59,0.12,0.12,0.12,0.38,0.62,865.25,1325.5,Callum Wilson,0,West Ham,FWD,58,0.6,0.5,0.0,37,37
1.5,0.0,0.0,64.62,0.12,0.88,0.0,0.0,0.0,0.0,0.25,0.0,0.0,0.0,14.03,16.79,7.5,3.84,0.75,1.0,2.5,3.75,3.5,43205.88,28580.5,Lewis Hall,0,Newcastle,DEF,53,3.3,0.5,0.0,37,37
0.12,0.0,0.0,7.12,0.0,0.0,0.0,0.0,0.0,0.0,0.0,0.0,0.0,0.0,1.3,0.54,3.12,0.5,0.12,0.0,0.38,0.0,0.38,287.25,2299.88,Joško Gvardiol,0,Man City,DEF,58,3.2,0.5,0.0,37,37
2.88,0.12,0.12,63.88,0.12,0.88,0.0,0.0,0.0,0.0,0.12,0.0,0.25,0.0,15.2,22.15,8.5,4.59,0.62,1.0,1.5,2.88,5.38,2450.62,696.88,Mathys Tel,0,Spurs,MID,62,0.5,0.5,0.0,37,37
2.12,0.0,0.0,34.12,0.12,0.5,0.0,0.0,0.0,0.0,0.0,0.0,0.25,0.0,6.25,2.18,3.88,1.21,0.38,1.38,1.62,1.5,3.0,1065.25,1764.75,Djed Spence,0,Spurs,DEF,41,0.9,0.5,0.0,37,37
5.38,0.0,0.62,90.0,0.5,0.88,0.0,0.0,0.0,0.0,0.0,0.0,0.75,0.0,24.02,43.25,11.12,7.84,1.0,1.75,2.0,4.38,8.12,66825.0,15639.12,Pascal Groß,0,Brighton,MID,56,3.0,0.5,0.0,37,37
1.62,0.0,0.12,33.38,0.12,0.38,0.0,0.0,0.0,0.0,0.12,0.0,0.0,0.0,8.83,7.39,1.12,1.74,0.25,0.88,1.88,1.38,4.12,503.5,438.88,Tyler Adams,0,Bournemouth,MID,49,0.3,0.5,0.0,37,37
9.62,0.25,0.25,259.25,0.88,3.5,0.0,0.0,0.0,0.0,0.5,0.0,0.38,0.0,40.72,89.8,46.38,17.68,3.25,4.5,3.75,12.62,20.88,17128.0,15079.88,Yéremy Yeremy,0,Crystal Palace,MID,58,0.2,0.5,0.0,37,37
3.62,0.0,0.12,90.0,0.25,1.38,0.0,0.0,0.0,3.0,0.0,0.0,0.0,0.0,23.58,2.5,0.0,2.61,1.0,0.0,0.75,8.5,0.0,12435.38,4066.12,Mads Hermansen,0,West Ham,GK,42,1.0,0.5,0.0,37,37
1.38,0.0,0.0,45.0,0.12,0.88,0.0,0.0,0.0,0.0,0.12,0.0,0.12,0.0,10.35,8.14,6.62,2.53,0.5,1.5,2.0,2.25,5.75,1175.38,2475.0,Amadou Onana,0,Aston Villa,MID,48,0.6,0.5,0.0,37,37
1.0,0.0,0.0,27.25,0.12,0.38,0.0,0.0,0.0,0.0,0.12,0.0,0.0,0.0,4.1,3.61,0.75,0.85,0.25,0.38,1.0,1.62,3.0,326.38,1037.75,Jordan Henderson,0,Brentford,MID,50,0.3,0.5,0.0,37,37
5.5,0.62,0.0,59.12,0.12,0.88,0.0,0.0,0.0,0.0,0.0,0.0,1.38,0.0,22.28,8.3,24.38,5.51,0.75,0.38,0.12,1.5,2.0,17999.88,3811.12,William Osula,0,Newcastle,FWD,55,2.1,0.5,0.0,37,37
0.75,0.0,0.0,24.88,0.0,0.75,0.0,0.0,0.0,0.0,0.25,0.0,0.0,0.0,5.88,0.12,0.5,0.65,0.25,0.25,3.12,1.25,3.38,747.88,1571.38,Kristoffer Ajer,0,Brentford,DEF,44,0.2,0.5,0.0,37,37
1.5,0.0,0.0,52.38,0.0,1.0,0.0,0.0,0.0,0.0,0.0,0.0,0.0,0.0,2.88,4.32,9.88,1.61,0.75,0.25,0.88,1.0,2.12,10353.0,19181.38,Jørgen Strand Larsen,0,Crystal Palace,FWD,58,1.4,0.5,0.0,37,37
9.25,0.0,0.25,245.75,0.75,3.38,0.0,0.0,0.0,0.0,0.88,0.12,0.75,0.0,47.05,16.27,4.88,6.84,2.88,4.88,15.62,11.25,20.5,84649.25,138092.25,Reinildo Reinildo,0,Sunderland,DEF,38,3.0,0.5,0.0,37,37
2.5,0.12,0.0,57.75,0.0,1.38,0.0,0.0,0.0,0.0,0.0,0.0,0.38,0.0,11.45,22.09,8.12,4.12,0.62,1.25,0.5,2.62,4.38,0.0,24134.88,Mateus Mané,0,Wolves,FWD,42,1.4,0.5,0.0,37,37
9.25,0.12,0.25,289.38,0.75,4.88,0.0,0.0,0.0,0.0,1.25,0.0,0.25,0.0,50.75,33.66,23.0,10.74,3.25,8.5,10.0,16.88,18.5,8395.62,6751.0,Álex A.Jimenez,0,Bournemouth,DEF,45,0.1,0.5,0.0,37,37
1.5,0.0,0.12,36.62,0.25,0.25,0.0,0.0,0.0,0.0,0.0,0.0,0.0,0.0,6.52,16.21,3.0,2.59,0.38,0.25,0.0,2.38,2.62,3590.25,0.0,Martin Ødegaard,0,Arsenal,MID,78,1.7,0.5,0.0,37,37
0.38,0.0,0.0,11.38,0.0,0.5,0.0,0.0,0.0,0.0,0.0,0.0,0.0,0.0,0.88,2.65,0.0,0.35,0.12,0.0,0.5,0.62,1.12,31.25,2177.0,Vitaly Janelt,0,Brentford,MID,49,0.1,0.5,0.0,37,37
1.62,0.25,0.0,7.88,0.0,0.25,0.0,0.0,0.0,0.0,0.0,0.0,0.0,0.0,9.05,0.7,6.38,1.61,0.0,0.12,0.12,0.5,0.75,4022.0,4824.0,Wilson Isidor,0,Sunderland,FWD,50,1.3,0.5,0.0,37,37
1.0,0.0,0.0,27.75,0.12,0.25,0.0,0.0,0.0,0.0,0.0,0.0,0.0,0.0,3.87,5.94,10.5,2.01,0.25,0.62,0.38,0.75,1.75,1323.0,2271.88,Lukas Nmecha,0,Leeds,FWD,50,0.5,0.5,0.0,37,37
4.0,0.12,0.0,78.75,0.25,1.0,0.0,0.0,0.0,0.0,0.12,0.0,0.25,0.0,19.08,11.49,2.88,3.36,0.88,1.5,3.62,5.25,10.38,9490.0,9617.62,Kobbie Mainoo,0,Man Utd,MID,47,1.4,0.5,0.0,37,37
9.12,0.25,0.12,243.75,0.62,3.38,0.0,0.0,0.0,0.0,1.25,0.0,0.25,0.0,40.55,37.04,41.12,11.88,2.88,5.38,9.12,15.25,29.75,10307.75,14106.25,Joelinton Cássio Joelinton,0,Newcastle,MID,59,0.3,0.5,0.0,37,37
1.25,0.0,0.0,36.62,0.25,0.25,0.0,0.0,0.0,0.0,0.0,0.0,0.0,0.0,3.42,8.15,7.38,1.89,0.5,0.75,0.25,1.5,2.5,0.0,4013.75,Noni Madueke,0,Arsenal,MID,68,0.8,0.5,0.0,37,37
1.75,0.0,0.12,45.0,0.0,0.75,0.0,0.0,0.0,0.0,0.0,0.0,0.12,0.0,8.45,4.64,0.5,1.36,0.5,0.62,1.88,1.5,4.0,4950.38,12747.25,Lewis Miley,0,Newcastle,MID,44,1.7,0.5,0.0,37,37
4.38,0.0,0.0,88.62,0.25,1.75,0.0,0.0,0.0,0.0,0.12,0.0,0.62,0.0,24.75,4.88,3.5,3.31,1.0,2.25,9.0,3.75,11.25,11224.0,2997.62,Jaydee Canvot,0,Crystal Palace,DEF,45,0.5,0.5,0.0,37,37
1.5,0.0,0.12,28.88,0.0,0.62,0.0,0.0,0.0,0.0,0.0,0.0,0.0,0.0,6.52,7.7,1.75,1.59,0.25,0.5,1.0,1.88,3.38,3341.5,5910.38,Pape Matar Sarr,0,Spurs,MID,45,1.0,0.5,0.0,37,37
4.88,0.0,0.0,90.0,0.5,0.62,0.0,0.0,0.0,3.0,0.0,0.0,0.38,0.0,25.05,0.0,0.0,2.51,1.0,0.12,1.5,9.25,0.0,83492.38,14211.75,Karl Darlow,0,Leeds,GK,40,6.9,0.5,0.0,37,37
1.62,0.0,0.0,79.25,0.12,1.75,0.0,0.0,0.0,0.0,0.12,0.0,0.0,0.0,12.7,7.44,0.5,2.06,0.88,1.88,3.88,3.38,5.75,1541.62,1977.12,Kyle Walker,0,Burnley,DEF,44,1.2,0.5,0.0,37,37
1.75,0.0,0.12,59.5,0.25,1.0,0.12,0.0,0.0,0.0,0.12,0.0,0.0,0.0,6.48,4.99,6.62,1.76,0.62,1.0,2.12,4.38,7.5,1016.62,422.12,Jefferson Lerma Solís,0,Crystal Palace,MID,49,0.1,0.5,0.0,37,37
8.62,0.12,0.12,188.75,0.62,1.88,0.0,0.0,0.0,0.0,0.38,0.0,0.75,0.0,44.75,52.69,15.25,11.29,2.12,5.25,7.12,13.38,25.75,9103.0,14381.12,Rodrigo 'Rodri' Rodrigo,0,Man City,MID,63,0.5,0.5,0.0,37,37
8.62,0.5,0.25,189.12,0.38,4.12,0.0,0.0,0.0,0.0,0.62,0.12,1.0,0.0,46.82,49.65,23.25,11.96,2.25,5.0,3.75,9.5,18.25,112146.62,122346.0,Lucas L.Paquetá,0,West Ham,MID,59,1.0,0.5,0.0,37,37
0.38,0.0,0.0,43.0,0.0,1.12,0.0,0.0,0.0,0.0,0.12,0.0,0.0,0.0,9.85,2.74,7.88,2.06,0.5,1.12,2.25,1.75,3.38,61.75,496.25,Ladislav Krejcí,0,Wolves,DEF,45,0.1,0.5,0.0,37,37
1.38,0.0,0.0,47.38,0.12,0.88,0.0,0.0,0.0,0.0,0.12,0.0,0.0,0.0,8.1,5.3,4.12,1.75,0.5,2.38,1.12,1.75,5.25,66.88,77.0,Tim Iroegbunam,0,Everton,MID,48,0.0,0.5,0.0,37,37
0.88,0.0,0.0,39.88,0.12,0.38,0.0,0.0,0.0,0.0,0.0,0.12,0.0,0.0,6.68,4.29,1.25,1.2,0.5,0.75,2.5,1.5,3.25,8876.62,29544.38,Gabriel Gudmundsson,0,Leeds,DEF,38,2.5,0.5,0.0,37,37
1.88,0.0,0.0,68.12,0.0,1.25,0.0,0.0,0.0,0.0,0.0,0.0,0.0,0.0,12.65,10.43,3.75,2.69,0.75,2.25,2.12,3.25,7.62,1450.88,886.5,Youri Tielemans,0,Aston Villa,MID,59,0.7,0.5,0.0,37,37
8.5,0.0,0.0,258.75,0.5,4.62,0.0,0.0,0.0,8.12,0.25,0.0,1.0,0.0,64.28,1.25,0.0,6.6,2.88,0.12,5.75,27.12,0.0,16605.88,28608.0,José José Sá,0,Wolves,GK,42,1.1,0.5,0.0,37,37
1.75,0.0,0.0,48.12,0.0,1.25,0.0,0.0,0.0,0.0,0.12,0.0,0.0,0.0,6.95,13.2,2.38,2.24,0.5,1.5,1.0,3.0,5.5,680.62,256.38,Daichi Kamada,0,Crystal Palace,MID,50,0.1,0.5,0.0,37,37
8.38,0.25,0.12,163.38,0.38,2.75,0.0,0.0,0.0,0.0,0.12,0.0,0.5,0.0,28.02,38.45,13.0,7.95,1.75,3.38,4.75,10.25,18.38,7770.62,8597.38,Tanaka Tanaka,0,Leeds,MID,48,0.2,0.5,0.0,37,37
4.25,0.0,0.0,78.75,0.38,0.75,0.0,0.0,0.0,0.0,0.0,0.0,0.38,0.0,18.2,9.59,2.75,3.06,0.88,0.75,5.5,4.38,6.25,7840.25,2305.75,Abdukodir Khusanov,0,Man City,DEF,54,0.7,0.5,0.0,37,37
8.38,0.62,0.25,138.75,0.75,1.25,0.0,0.0,0.0,0.0,0.12,0.0,0.38,0.0,34.7,26.49,32.88,9.41,1.62,1.38,3.5,5.38,10.25,74337.75,37642.5,Rayan Vitor Rayan,0,Bournemouth,MID,54,2.3,0.5,0.0,37,37
2.12,0.0,0.12,65.25,0.25,0.62,0.0,0.0,0.0,0.0,0.38,0.0,0.12,0.0,10.7,12.86,7.12,3.06,0.62,1.75,2.5,2.75,7.0,182.38,92.12,Saša Lukić,0,Fulham,MID,49,0.1,0.5,0.0,37,37
0.75,0.0,0.0,16.75,0.0,0.38,0.0,0.0,0.0,0.0,0.0,0.0,0.0,0.0,1.35,3.25,2.5,0.69,0.12,0.38,0.0,1.12,1.5,419.88,6564.12,Amine Adli,0,Bournemouth,MID,54,0.2,0.5,0.0,37,37
0.75,0.0,0.0,43.62,0.0,0.88,0.0,0.0,0.0,0.0,0.12,0.0,0.0,0.0,5.3,2.2,0.25,0.79,0.5,1.0,1.5,2.0,2.5,4383.38,8722.12,Aaron Wan-Bissaka,0,West Ham,DEF,41,4.3,0.5,0.0,37,37
3.62,0.0,0.12,56.0,0.38,0.25,0.0,0.0,0.0,0.0,0.0,0.0,0.25,0.0,11.22,4.1,0.5,1.59,0.62,1.88,3.62,2.12,5.5,4381.38,6243.0,Ola Aina,0,Nott'm Forest,DEF,47,2.1,0.5,0.0,37,37
8.25,0.38,0.25,175.25,0.38,3.5,0.0,0.0,0.12,0.0,0.12,0.0,0.5,0.0,31.55,22.3,70.12,12.28,1.62,0.88,6.25,3.25,10.38,8805.5,7589.25,Tolu Tolu,0,Wolves,FWD,51,0.1,0.5,0.0,37,37
2.12,0.0,0.12,69.5,0.0,1.38,0.0,0.0,0.0,0.0,0.38,0.0,0.0,0.0,16.98,2.3,5.0,2.45,0.88,0.5,7.5,2.5,8.0,3284.38,3268.12,Wesley Fofana,0,Chelsea,DEF,44,0.4,0.5,0.0,37,37
3.12,0.12,0.0,63.25,0.12,1.0,0.0,0.0,0.0,0.0,0.38,0.0,0.25,0.0,17.83,8.91,5.5,3.24,0.75,2.38,4.12,5.12,6.5,6684.25,4206.25,Antonee Robinson,0,Fulham,DEF,49,0.9,0.5,0.0,37,37
1.75,0.0,0.0,70.62,0.25,1.38,0.0,0.0,0.0,0.0,0.25,0.0,0.0,0.0,4.82,14.83,5.12,2.44,0.88,1.38,1.75,2.88,6.0,3141.62,2393.88,Brennan Johnson,0,Crystal Palace,MID,65,2.4,0.5,0.0,37,37
2.62,0.0,0.38,56.12,0.12,1.25,0.0,0.0,0.0,0.0,0.12,0.0,0.0,0.0,7.0,9.45,8.38,2.4,0.62,0.5,0.12,2.12,2.75,2164.75,1768.38,Habib Diarra,0,Sunderland,MID,53,0.1,0.5,0.0,37,37
8.0,0.0,0.25,209.12,0.62,2.38,0.12,0.0,0.0,0.0,0.12,0.0,0.25,0.0,40.22,5.89,9.88,5.64,2.25,2.75,11.25,9.88,14.0,9414.0,12723.62,Pau Pau,0,Aston Villa,DEF,43,0.3,0.5,0.0,37,37
2.62,0.12,0.12,36.0,0.12,0.38,0.0,0.0,0.0,0.0,0.12,0.0,0.38,0.0,11.42,8.51,11.12,3.1,0.38,0.75,0.75,1.38,2.88,6706.88,8530.12,Josh King,0,Fulham,MID,44,1.6,0.5,0.0,37,37
3.0,0.0,0.0,81.25,0.12,1.25,0.0,0.0,0.0,0.0,0.5,0.0,0.0,0.0,20.5,4.79,5.62,3.11,0.88,1.38,8.25,1.75,9.62,1100.0,485.12,Kevin Danso,0,Spurs,DEF,42,0.2,0.5,0.0,37,37
2.12,0.0,0.0,49.25,0.25,0.75,0.0,0.0,0.0,0.0,0.12,0.0,0.0,0.0,4.42,9.08,8.62,2.21,0.62,0.62,0.75,2.12,1.38,13536.88,9346.88,Jeremie Frimpong,0,Liverpool,DEF,57,4.9,0.5,0.0,37,37
7.88,0.12,0.0,195.12,0.88,2.25,0.0,0.0,0.0,0.0,0.75,0.0,0.12,0.0,38.72,29.26,9.0,7.69,2.12,5.25,9.25,11.25,25.75,3614.88,4018.0,Nico N.Gonzalez,0,Man City,MID,59,0.1,0.5,0.0,37,37
2.12,0.0,0.12,61.0,0.12,1.5,0.0,0.0,0.0,0.0,0.0,0.0,0.0,0.0,14.6,7.49,3.25,2.54,0.75,2.62,3.5,2.5,6.12,911.12,1969.25,Quilindschy Hartman,0,Burnley,DEF,40,0.6,0.5,0.0,37,37
3.0,0.0,0.25,57.12,0.12,0.88,0.0,0.0,0.0,0.0,0.0,0.0,0.25,0.0,12.55,16.54,5.38,3.44,0.62,1.38,0.88,3.0,5.25,734.88,815.75,Jacob Ramsey,0,Newcastle,MID,53,0.3,0.5,0.0,37,37
1.5,0.0,0.0,40.5,0.12,0.5,0.0,0.0,0.0,0.0,0.0,0.0,0.0,0.0,3.3,11.58,5.12,1.91,0.38,0.0,0.38,2.25,2.62,472.38,567.62,Samuel Chukwueze,0,Fulham,MID,53,0.1,0.5,0.0,37,37
7.75,0.38,0.12,214.25,0.62,2.5,0.0,0.0,0.0,0.0,0.62,0.0,0.25,0.0,36.05,52.79,52.0,14.04,2.38,2.25,3.38,7.75,13.38,49756.75,120633.0,Mitoma Mitoma,0,Brighton,MID,61,1.9,0.5,0.0,37,37
7.62,0.75,0.12,173.0,1.12,2.0,0.0,0.0,0.0,0.0,0.75,0.0,0.62,0.0,35.08,21.94,74.38,12.99,2.12,1.38,3.62,3.88,8.88,10685.88,5470.75,Valentín Taty,0,West Ham,FWD,55,0.3,0.5,0.0,37,37
0.88,0.0,0.0,33.25,0.0,0.62,0.0,0.0,0.0,0.0,0.0,0.0,0.0,0.0,2.97,3.4,3.0,0.94,0.38,0.25,1.0,1.5,2.75,719.0,862.5,Archie Gray,0,Spurs,MID,48,0.1,0.5,0.0,37,37
2.88,0.0,0.12,77.75,0.25,1.0,0.0,0.0,0.0,0.0,0.12,0.0,0.12,0.0,16.68,18.35,9.38,4.44,0.88,1.88,3.25,2.5,5.12,1671.25,534.88,Timothy Castagne,0,Fulham,DEF,43,0.2,0.5,0.0,37,37
7.62,0.0,0.0,267.12,0.5,5.0,0.25,0.0,0.0,0.0,1.5,0.0,0.38,0.0,53.25,17.55,33.5,10.44,3.0,7.5,19.88,11.62,27.38,2694.38,2549.0,Yerson Mosquera,0,Wolves,DEF,43,0.1,0.5,0.0,37,37
2.0,0.0,0.0,29.88,0.25,0.12,0.0,0.0,0.0,0.0,0.0,0.0,0.25,0.0,4.98,11.62,5.0,2.16,0.38,1.0,0.25,1.88,1.25,6734.75,11302.5,Rayan Aït-Nouri,0,Man City,DEF,57,4.1,0.5,0.0,37,37
2.0,0.12,0.0,42.75,0.0,1.12,0.0,0.0,0.0,0.0,0.12,0.0,0.0,0.0,8.85,13.44,8.0,3.05,0.5,0.5,0.25,1.62,2.38,66.12,43.0,Loum Tchaouna,0,Burnley,MID,48,0.0,0.5,0.0,37,37
1.62,0.0,0.12,21.75,0.12,0.25,0.0,0.0,0.0,0.0,0.0,0.0,0.0,0.0,4.47,7.69,5.38,1.76,0.12,0.5,0.38,1.0,1.88,382.12,377.0,David Brooks,0,Bournemouth,MID,50,0.2,0.5,0.0,37,37
7.38,0.12,0.62,152.38,0.25,3.38,0.0,0.0,0.0,0.0,1.25,0.0,0.5,0.0,31.6,41.36,16.0,8.88,1.88,3.62,2.12,8.12,13.88,4041.5,4605.0,Hannibal Hannibal,0,Burnley,MID,47,0.1,0.5,0.0,37,37
1.25,0.0,0.0,34.75,0.12,0.5,0.0,0.0,0.0,0.0,0.0,0.0,0.0,0.0,3.57,2.7,0.75,0.7,0.38,0.38,0.88,1.62,1.25,2119.75,2201.12,Tino Livramento,0,Newcastle,DEF,49,1.8,0.5,0.0,37,37
7.25,0.25,0.62,104.88,0.5,1.38,0.0,0.0,0.0,0.0,0.5,0.0,0.5,0.0,22.92,28.86,39.25,9.07,1.5,1.38,1.12,4.5,7.0,109225.12,117594.75,Estêvão Estêvão,0,Chelsea,MID,64,1.7,0.5,0.0,37,37
0.88,0.0,0.0,15.62,0.12,0.12,0.0,0.0,0.0,0.0,0.25,0.0,0.0,0.0,3.37,1.38,0.38,0.51,0.12,0.75,1.25,1.38,3.38,166.88,255.75,Mason Mount,0,Man Utd,MID,59,0.3,0.5,0.0,37,37
1.25,0.0,0.12,25.88,0.12,0.62,0.0,0.0,0.0,0.0,0.0,0.0,0.0,0.0,3.93,2.23,7.0,1.3,0.25,0.5,0.5,1.0,2.0,1002.12,1619.75,Lyle Foster,0,Burnley,FWD,49,0.7,0.5,0.0,37,37
3.25,0.0,0.12,32.12,0.38,0.0,0.0,0.0,0.0,0.0,0.12,0.0,0.5,0.0,10.1,5.0,0.0,1.51,0.38,0.88,2.0,1.0,2.88,459.25,368.12,Adam Smith,0,Bournemouth,DEF,44,0.2,0.5,0.0,37,37
0.88,0.0,0.12,20.62,0.0,0.25,0.0,0.0,0.0,0.0,0.12,0.0,0.0,0.0,3.55,5.25,5.12,1.4,0.12,0.25,0.25,0.88,1.38,0.0,1974.0,Gabriel Martinelli Silva,0,Arsenal,MID,68,0.9,0.5,0.0,37,37
0.88,0.0,0.0,34.75,0.0,0.88,0.0,0.0,0.0,0.0,0.12,0.0,0.0,0.0,3.5,10.75,10.12,2.43,0.12,0.5,0.38,1.12,2.0,1075.38,1469.88,Alejandro Garnacho Ferreyra,0,Chelsea,MID,64,0.4,0.5,0.0,37,37
2.38,0.25,0.12,23.0,0.12,0.12,0.0,0.0,0.0,0.0,0.25,0.0,0.12,0.0,10.62,3.18,8.0,2.19,0.25,0.25,0.0,0.88,1.12,3074.25,5538.75,Omar Marmoush,0,Man City,MID,83,2.9,0.5,0.0,37,37
1.12,0.0,0.0,36.0,0.0,0.75,0.0,0.0,0.0,0.0,0.12,0.0,0.0,0.0,6.98,1.75,4.25,1.29,0.38,0.5,3.75,1.5,4.25,2148.5,2408.62,Leny Yoro,0,Man Utd,DEF,41,1.2,0.5,0.0,37,37
0.38,0.0,0.0,9.12,0.0,0.0,0.0,0.0,0.0,0.0,0.0,0.0,0.0,0.0,1.38,0.4,0.12,0.19,0.0,0.12,0.5,0.25,0.88,306.0,1137.62,Ilia Gruev,0,Leeds,MID,47,0.1,0.5,0.0,37,37
1.5,0.12,0.0,7.5,0.0,0.12,0.0,0.0,0.0,0.0,0.0,0.0,0.12,0.0,6.45,5.8,5.62,1.8,0.0,0.12,0.5,0.62,1.25,268.38,336.12,Sean Longstaff,0,Leeds,MID,48,0.2,0.5,0.0,37,37
3.88,0.25,0.0,64.5,0.12,1.38,0.0,0.0,0.0,0.0,0.12,0.0,0.62,0.0,15.35,7.4,15.75,3.86,0.75,0.88,0.88,3.62,5.38,1409.5,682.12,Ross Barkley,0,Aston Villa,MID,48,0.1,0.5,0.0,37,37
1.0,0.0,0.0,44.12,0.12,0.88,0.0,0.0,0.0,0.0,0.0,0.12,0.0,0.0,4.45,2.61,2.38,0.83,0.5,1.62,1.0,1.88,4.5,60.75,126.5,Josh Laurent,0,Burnley,MID,48,0.0,0.5,0.0,37,37
1.88,0.0,0.0,44.25,0.38,0.25,0.0,0.0,0.0,0.0,0.0,0.0,0.0,0.0,7.12,5.25,1.62,1.41,0.5,0.88,2.0,3.12,6.0,4112.12,3312.75,Carlos Baleba,0,Brighton,MID,45,1.5,0.5,0.0,37,37
1.62,0.0,0.0,45.0,0.12,0.38,0.0,0.0,0.0,0.0,0.12,0.0,0.0,0.0,7.8,3.42,7.0,1.83,0.5,0.62,2.25,2.38,2.88,238.38,247.62,Lutsharel Geertruida,0,Sunderland,DEF,45,0.1,0.5,0.0,37,37
2.38,0.12,0.0,52.88,0.12,0.62,0.0,0.0,0.0,0.0,0.0,0.0,0.0,0.0,9.95,6.39,7.25,2.36,0.62,0.25,1.88,1.12,2.12,1968.75,1249.5,Andrew Robertson,0,Liverpool,DEF,57,1.2,0.5,0.0,37,37
1.12,0.0,0.12,25.62,0.0,0.75,0.0,0.0,0.0,0.0,0.12,0.0,0.0,0.0,3.1,4.81,1.88,0.9,0.25,0.12,0.75,1.25,2.12,76.75,33.12,Hwang Hee-chan,0,Wolves,MID,56,0.1,0.5,0.0,37,37
0.75,0.0,0.0,24.25,0.0,0.38,0.0,0.0,0.0,0.0,0.0,0.0,0.0,0.0,3.33,7.23,0.25,1.09,0.25,0.38,0.38,1.12,0.75,2088.62,1605.38,Kieran Trippier,0,Newcastle,DEF,49,1.4,0.5,0.0,37,37
1.25,0.0,0.12,32.12,0.0,0.75,0.0,0.0,0.0,0.0,0.0,0.0,0.0,0.0,6.38,6.14,4.25,1.67,0.38,0.38,1.25,0.75,1.62,994.5,2245.0,Ian Maatsen,0,Aston Villa,DEF,42,0.5,0.5,0.0,37,37
2.38,0.0,0.0,36.75,0.25,0.38,0.0,0.0,0.0,0.0,0.0,0.0,0.38,0.0,7.75,5.4,0.62,1.39,0.38,1.38,2.5,1.5,3.88,1394.38,723.75,Noussair Mazraoui,0,Man Utd,DEF,49,0.3,0.5,0.0,37,37
1.88,0.0,0.0,41.75,0.25,0.38,0.0,0.0,0.0,0.0,0.0,0.0,0.0,0.0,7.53,4.38,1.0,1.29,0.5,1.25,1.25,1.75,2.5,1000.62,635.5,Kyle Walker-Peters,0,West Ham,DEF,42,0.3,0.5,0.0,37,37
1.62,0.0,0.0,47.5,0.25,0.5,0.0,0.0,0.0,0.0,0.0,0.0,0.0,0.0,4.55,11.7,4.75,2.1,0.62,0.88,1.25,2.12,4.25,479.62,580.88,Dwight McNeil,0,Everton,MID,55,0.1,0.5,0.0,37,37
6.62,0.12,0.0,167.5,0.25,2.88,0.0,0.0,0.0,0.0,0.62,0.0,0.12,0.0,46.4,4.7,12.0,6.31,1.75,3.75,14.25,6.5,18.0,1581.75,1821.38,Felipe Morato,0,Nott'm Forest,DEF,43,0.1,0.5,0.0,37,37
0.25,0.0,0.0,28.62,0.0,1.0,0.0,0.0,0.0,0.0,0.0,0.0,0.0,0.0,3.8,8.92,3.38,1.61,0.38,0.25,1.0,0.62,1.25,143.38,146.62,Jackson Tchatchoua,0,Wolves,DEF,44,0.0,0.5,0.0,37,37
1.0,0.0,0.0,45.0,0.0,1.25,0.0,0.0,0.0,0.0,0.0,0.0,0.0,0.0,12.27,1.59,1.25,1.53,0.5,0.62,4.62,2.25,5.25,849.62,1952.75,Hjalmar Ekdal,0,Burnley,DEF,38,0.7,0.5,0.0,37,37
1.75,0.0,0.12,56.62,0.12,0.75,0.0,0.0,0.0,0.0,0.12,0.0,0.0,0.0,5.65,8.61,10.75,2.41,0.75,0.75,0.5,2.5,3.75,2630.88,2286.12,Randal Kolo Muani,0,Spurs,FWD,69,0.4,0.5,0.0,37,37
0.75,0.0,0.0,29.38,0.12,0.5,0.0,0.0,0.0,0.0,0.0,0.12,0.0,0.0,8.8,1.91,1.12,1.2,0.38,0.75,2.5,1.62,3.25,605.62,4771.5,Lisandro Martínez,0,Man Utd,DEF,48,0.4,0.5,0.0,37,37
0.88,0.0,0.0,22.0,0.0,0.38,0.0,0.0,0.0,0.0,0.0,0.0,0.0,0.0,1.35,1.51,3.5,0.64,0.25,0.38,0.0,1.5,1.88,161.5,680.75,Marcus Edwards,0,Burnley,MID,47,0.1,0.5,0.0,37,37
0.38,0.0,0.0,7.0,0.0,0.0,0.0,0.0,0.0,0.0,0.0,0.0,0.0,0.0,0.18,0.21,0.25,0.06,0.0,0.0,0.12,0.12,0.25,121.88,389.25,Dan Ndoye,0,Nott'm Forest,MID,55,0.7,0.5,0.0,37,37
0.62,0.0,0.0,45.0,0.0,1.25,0.0,0.0,0.0,0.0,0.12,0.0,0.0,0.0,7.2,1.25,6.25,1.46,0.5,0.0,3.38,2.62,3.38,1146.38,1920.38,Tyrone Mings,0,Aston Villa,DEF,43,0.6,0.5,0.0,37,37
3.12,0.0,0.0,89.25,0.25,1.38,0.0,0.0,0.0,0.0,0.12,0.0,0.12,0.0,17.12,0.8,3.88,2.17,1.0,1.5,5.38,2.5,6.88,3074.62,1627.88,Axel Disasi,0,West Ham,DEF,45,0.2,0.5,0.0,37,37
6.12,0.12,0.38,128.75,0.5,1.88,0.0,0.0,0.0,0.0,0.12,0.0,0.0,0.0,27.0,30.82,30.38,8.8,1.12,2.62,2.12,6.0,10.75,4416.5,4059.25,Kevin Kevin,0,Fulham,MID,57,0.1,0.5,0.0,37,37
1.25,0.0,0.12,19.5,0.0,0.62,0.0,0.0,0.0,0.0,0.0,0.0,0.0,0.0,3.4,3.12,1.75,0.78,0.12,0.25,0.5,0.62,1.38,323.75,227.38,Lucas Bergvall,0,Spurs,MID,52,0.2,0.5,0.0,37,37
1.0,0.0,0.0,18.38,0.0,0.25,0.0,0.0,0.0,0.0,0.0,0.0,0.0,0.0,0.93,1.21,2.75,0.44,0.25,0.25,0.25,0.38,0.88,3352.75,2639.62,Anthony Elanga,0,Newcastle,MID,65,2.6,0.5,0.0,37,37
1.5,0.0,0.0,34.62,0.12,0.75,0.0,0.0,0.0,0.0,0.0,0.0,0.0,0.0,1.68,1.48,5.25,0.81,0.25,0.62,0.38,1.0,1.0,607.5,450.0,Rodrigo Martins Gomes,0,Wolves,DEF,44,0.1,0.5,0.0,37,37
1.38,0.0,0.12,32.12,0.0,0.25,0.0,0.0,0.0,0.0,0.12,0.0,0.0,0.0,9.63,4.74,1.75,1.61,0.5,2.0,1.25,2.12,5.38,80.38,107.0,Nicolás Domínguez,0,Nott'm Forest,MID,50,0.0,0.5,0.0,37,37
2.38,0.12,0.0,49.88,0.25,0.5,0.0,0.0,0.0,0.0,0.12,0.12,0.25,0.0,11.6,6.73,10.25,2.86,0.75,1.5,1.88,3.12,6.5,2867.38,1957.38,Ryan Christie,0,Bournemouth,MID,49,0.1,0.5,0.0,37,37
1.5,0.0,0.0,53.12,0.12,1.0,0.0,0.0,0.0,0.0,0.12,0.0,0.0,0.0,13.62,5.79,6.62,2.6,0.62,0.5,4.38,3.12,4.88,372.5,780.12,Bashir Humphreys,0,Burnley,DEF,39,0.1,0.5,0.0,37,37
5.88,0.12,0.0,155.88,0.12,2.25,0.0,0.0,0.0,0.0,0.5,0.0,0.38,0.0,28.7,19.24,11.38,5.94,1.62,4.62,5.5,6.0,16.12,10853.12,11453.12,Andrey Andrey Santos,0,Chelsea,MID,44,0.3,0.5,0.0,37,37
0.75,0.0,0.0,25.75,0.0,0.5,0.0,0.0,0.0,0.0,0.12,0.0,0.0,0.0,3.97,0.24,0.25,0.45,0.38,0.38,1.75,1.12,2.12,190.12,163.5,Jean-Clair Todibo,0,West Ham,DEF,43,0.1,0.5,0.0,37,37
1.5,0.0,0.0,25.88,0.12,0.12,0.0,0.0,0.0,0.0,0.12,0.0,0.0,0.0,3.4,1.12,0.62,0.51,0.12,0.38,1.0,0.75,1.38,320.0,416.75,Joël Veltman,0,Brighton,DEF,43,0.1,0.5,0.0,37,37
0.5,0.0,0.0,29.88,0.0,0.38,0.0,0.0,0.0,0.0,0.12,0.0,0.0,0.0,2.45,3.06,0.25,0.54,0.5,0.25,1.12,1.38,2.75,245.0,296.25,Will Hughes,0,Crystal Palace,MID,47,0.1,0.5,0.0,37,37
1.88,0.0,0.0,36.25,0.25,0.25,0.0,0.0,0.0,0.0,0.0,0.0,0.0,0.0,5.43,5.09,1.0,1.16,0.5,0.25,1.88,1.25,2.12,3762.12,2088.5,Benjamin White,0,Arsenal,DEF,51,0.5,0.5,0.0,37,37
1.0,0.0,0.0,45.0,0.0,0.62,0.0,0.0,0.0,0.0,0.25,0.0,0.0,0.0,1.12,2.35,7.5,1.0,0.38,0.38,0.62,0.88,1.88,516.5,885.12,Liam Delap,0,Chelsea,FWD,62,0.9,0.5,0.0,37,37
2.75,0.12,0.0,65.62,0.12,0.88,0.0,0.0,0.0,0.0,0.25,0.0,0.38,0.0,12.28,10.45,7.25,3.0,0.75,1.25,1.62,4.25,7.12,2776.5,1529.0,Conor Gallagher,0,Spurs,MID,50,0.2,0.5,0.0,37,37
0.5,0.0,0.0,11.38,0.12,0.0,0.0,0.0,0.0,0.0,0.0,0.0,0.0,0.0,0.4,0.4,2.0,0.29,0.12,0.0,0.5,0.12,0.62,168.62,340.5,Evann Guessand,0,Crystal Palace,MID,62,0.0,0.5,0.0,37,37
1.25,0.0,0.12,29.12,0.0,0.75,0.0,0.0,0.0,0.0,0.12,0.0,0.0,0.0,5.38,7.01,0.88,1.31,0.38,0.38,0.75,1.25,2.38,96.25,248.88,Jean-Ricner Bellegarde,0,Wolves,MID,51,0.0,0.5,0.0,37,37
5.38,0.12,0.25,102.12,0.38,0.88,0.0,0.0,0.0,0.0,0.25,0.0,0.12,0.0,17.32,24.8,40.12,8.22,0.88,1.12,1.38,4.88,7.38,4670.5,14507.12,Sávio Savinho,0,Man City,MID,69,0.4,0.5,0.0,37,37
3.5,0.38,0.25,28.75,0.12,0.25,0.0,0.0,0.0,0.0,0.12,0.0,0.38,0.0,15.6,4.64,15.38,3.51,0.25,0.0,0.25,1.25,1.5,1709.38,551.25,Taiwo Awoniyi,0,Nott'm Forest,FWD,52,0.4,0.5,0.0,37,37
3.12,0.12,0.12,43.38,0.25,0.75,0.0,0.0,0.0,0.0,0.0,0.0,0.5,0.0,12.2,12.4,13.75,3.81,0.5,0.12,0.75,1.62,2.5,14119.38,5326.12,Rio Ngumoha,0,Liverpool,MID,43,1.4,0.5,0.0,37,37
0.62,0.0,0.0,4.75,0.0,0.25,0.0,0.0,0.0,0.0,0.0,0.0,0.0,0.0,0.72,2.09,0.5,0.34,0.0,0.0,0.12,0.25,0.38,114.38,395.5,Armando Broja,0,Burnley,FWD,52,0.1,0.5,0.0,37,37
0.5,0.0,0.0,10.25,0.12,0.0,0.0,0.0,0.0,0.0,0.25,0.0,0.0,0.0,1.45,1.76,6.25,0.94,0.12,0.12,0.38,0.38,0.88,448.5,519.25,Joshua Zirkzee,0,Man Utd,FWD,58,0.4,0.5,0.0,37,37
1.88,0.0,0.0,34.75,0.12,0.38,0.0,0.0,0.0,0.0,0.0,0.0,0.38,0.0,7.25,0.6,0.0,0.78,0.38,0.75,1.88,1.0,2.62,19665.5,12580.0,Ayden Heaven,0,Man Utd,DEF,37,2.6,0.5,0.0,37,37
1.5,0.0,0.0,40.25,0.12,0.5,0.0,0.0,0.0,0.0,0.0,0.0,0.0,0.0,5.48,9.36,12.0,2.7,0.5,1.12,0.5,1.25,2.88,366.38,759.12,Oscar Bobb,0,Fulham,MID,51,0.2,0.5,0.0,37,37
0.38,0.0,0.0,5.0,0.0,0.0,0.0,0.0,0.0,0.0,0.12,0.0,0.0,0.0,0.95,0.09,0.0,0.11,0.0,0.25,0.12,0.5,0.88,36.12,69.0,Soungoutou Magassa,0,West Ham,MID,50,0.0,0.5,0.0,37,37
5.12,0.0,0.0,177.88,0.12,4.12,0.0,0.0,0.0,0.0,0.12,0.12,0.0,0.0,43.62,11.59,9.12,6.46,2.12,2.88,15.0,6.62,17.88,1199.5,2673.0,Toti Toti,0,Wolves,DEF,42,0.1,0.5,0.0,37,37
1.5,0.12,0.0,24.12,0.0,0.25,0.0,0.0,0.0,0.0,0.0,0.0,0.25,0.0,6.1,0.34,6.0,1.25,0.25,0.12,0.5,0.25,0.88,17985.62,11637.75,Alexander Isak,0,Liverpool,FWD,103,3.8,0.5,0.0,37,37
0.88,0.0,0.0,24.12,0.12,0.12,0.0,0.0,0.0,0.0,0.0,0.0,0.0,0.0,4.0,7.76,0.75,1.26,0.25,0.25,0.25,1.12,1.62,57.38,47.5,Tom Cairney,0,Fulham,MID,48,0.0,0.5,0.0,37,37
0.0,0.0,0.0,1.75,0.0,0.12,0.0,0.0,0.0,0.0,0.12,0.0,0.0,0.0,0.15,0.04,0.0,0.03,0.0,0.0,0.12,0.12,0.25,262.38,330.5,Justin Kluivert,0,Bournemouth,MID,69,0.6,0.5,0.0,37,37
1.75,0.12,0.0,37.12,0.12,0.62,0.0,0.0,0.0,0.0,0.0,0.0,0.12,0.0,7.1,3.3,7.38,1.71,0.38,0.0,0.88,0.62,1.5,4005.25,2345.25,Chris Wood,0,Nott'm Forest,FWD,71,4.7,0.5,0.0,37,37
0.5,0.0,0.0,6.0,0.0,0.38,0.0,0.0,0.0,0.0,0.0,0.0,0.0,0.0,0.57,2.24,0.75,0.36,0.0,0.0,0.0,0.25,0.25,85.0,91.0,Jacob Bruun Larsen,0,Burnley,MID,52,0.0,0.5,0.0,37,37
1.12,0.0,0.0,49.88,0.0,0.88,0.0,0.0,0.0,0.0,0.0,0.0,0.0,0.0,5.77,2.74,15.88,2.44,0.62,0.88,0.62,2.62,4.12,18479.0,19746.12,Dominic Solanke-Mitchell,0,Spurs,FWD,71,1.1,0.5,0.0,37,37
0.12,0.0,0.0,0.12,0.0,0.12,0.0,0.0,0.0,0.0,0.0,0.0,0.0,0.0,0.05,0.04,0.0,0.01,0.0,0.0,0.0,0.0,0.0,17.12,210.12,Lewis Cook,0,Bournemouth,MID,49,0.0,0.5,0.0,37,37
2.5,0.0,0.0,64.5,0.12,1.5,0.0,0.0,0.0,0.0,0.12,0.0,0.0,0.0,13.18,17.15,2.0,3.24,0.75,1.12,3.62,4.0,8.75,800.88,633.38,James Ward-Prowse,0,Burnley,MID,56,0.2,0.5,0.0,37,37
1.12,0.0,0.0,35.12,0.12,0.25,0.0,0.0,0.0,0.0,0.25,0.0,0.0,0.0,5.62,6.06,1.5,1.34,0.25,1.38,1.25,1.38,2.62,2035.62,495.12,Cristhian Mosquera,0,Arsenal,DEF,53,0.3,0.5,0.0,37,37
0.62,0.0,0.0,32.88,0.0,0.75,0.0,0.0,0.0,0.0,0.0,0.0,0.0,0.0,4.38,1.4,0.5,0.62,0.38,1.12,1.0,1.62,2.12,824.12,1136.0,Lamare Bogarde,0,Aston Villa,DEF,40,0.5,0.5,0.0,37,37
0.38,0.0,0.0,1.75,0.0,0.0,0.0,0.0,0.0,0.0,0.0,0.0,0.0,0.0,0.25,0.04,0.0,0.03,0.0,0.0,0.0,0.0,0.0,618.25,1052.5,Eliezer Mayenda Dossou,0,Sunderland,FWD,51,0.5,0.5,0.0,37,37
4.88,0.0,0.0,116.88,0.25,1.38,0.0,0.0,0.0,0.0,0.75,0.0,0.12,0.0,31.2,5.9,1.75,3.9,1.38,2.0,12.62,5.0,14.62,890.0,1074.5,Jorge J.Cuenca,0,Fulham,DEF,43,0.1,0.5,0.0,37,37
2.25,0.0,0.0,45.0,0.25,0.62,0.0,0.0,0.0,0.0,0.0,0.0,0.25,0.0,11.7,4.48,0.0,1.62,0.5,0.75,3.88,2.5,4.62,2125.62,1018.88,Olivier Boscagli,0,Brighton,DEF,42,0.1,0.5,0.0,37,37
0.62,0.0,0.0,10.62,0.0,0.12,0.0,0.0,0.0,0.0,0.0,0.0,0.0,0.0,0.82,0.2,0.0,0.1,0.12,0.25,0.25,0.38,0.5,9201.88,8621.0,Josh Acheampong,0,Chelsea,DEF,37,1.8,0.5,0.0,37,37
2.12,0.12,0.0,73.38,0.0,1.75,0.0,0.0,0.0,0.0,0.12,0.0,0.0,0.0,6.7,3.02,18.88,2.82,0.88,0.62,0.62,0.5,1.75,0.0,1480.0,Adam Armstrong,0,Wolves,FWD,51,0.1,0.5,0.0,37,37
1.88,0.0,0.25,36.25,0.12,0.5,0.0,0.0,0.0,0.0,0.0,0.0,0.0,0.0,8.33,11.94,11.38,3.18,0.38,0.25,0.62,1.62,2.5,266.88,261.12,Joe Willock,0,Newcastle,MID,50,0.1,0.5,0.0,37,37
0.75,0.0,0.0,12.38,0.0,0.25,0.0,0.0,0.0,0.0,0.0,0.0,0.0,0.0,4.07,2.35,1.25,0.77,0.12,0.38,1.25,0.25,1.88,128.25,277.88,Manuel Ugarte Ribeiro,0,Man Utd,MID,47,0.1,0.5,0.0,37,37
0.38,0.0,0.0,8.5,0.0,0.25,0.0,0.0,0.0,0.0,0.0,0.0,0.0,0.0,1.45,1.43,0.0,0.3,0.12,0.25,0.5,0.12,0.88,918.38,1941.0,Freddie Potts,0,West Ham,MID,43,0.5,0.5,0.0,37,37
0.38,0.0,0.0,7.62,0.0,0.12,0.0,0.0,0.0,0.0,0.0,0.0,0.0,0.0,1.95,0.01,0.12,0.21,0.12,0.25,0.62,0.12,0.88,245.75,1234.38,Aaron Hickey,0,Brentford,DEF,40,0.3,0.5,0.0,37,37
0.5,0.0,0.0,6.75,0.0,0.25,0.0,0.0,0.0,0.0,0.12,0.0,0.0,0.0,0.53,1.36,5.5,0.71,0.0,0.0,0.0,0.38,0.38,99.5,187.25,Federico Chiesa,0,Liverpool,MID,63,0.3,0.5,0.0,37,37
1.38,0.0,0.12,22.12,0.12,0.62,0.0,0.0,0.0,0.0,0.0,0.0,0.0,0.0,3.47,5.29,2.12,1.09,0.25,0.12,0.0,0.88,1.0,349.75,773.12,Jadon Sancho,0,Aston Villa,MID,58,0.2,0.5,0.0,37,37
2.38,0.12,0.12,47.62,0.12,1.12,0.0,0.0,0.0,0.0,0.12,0.0,0.12,0.0,11.77,11.79,10.25,3.39,0.62,0.88,1.0,1.75,3.62,635.0,331.12,Chris Rigg,0,Sunderland,MID,47,0.1,0.5,0.0,37,37
0.62,0.0,0.0,12.75,0.0,0.38,0.0,0.0,0.0,0.0,0.0,0.0,0.0,0.0,2.62,0.66,0.5,0.38,0.12,0.88,0.5,1.0,2.38,2669.75,5278.12,Justin Devenny,0,Crystal Palace,MID,43,1.1,0.5,0.0,37,37
2.75,0.25,0.12,41.38,0.25,0.38,0.0,0.0,0.0,0.0,0.12,0.0,0.38,0.0,11.68,8.2,18.62,3.86,0.62,0.5,0.38,1.0,1.88,519.88,6604.75,Kai Havertz,0,Arsenal,FWD,73,0.7,0.5,0.0,37,37
4.5,0.12,0.12,123.38,0.38,1.62,0.12,0.0,0.0,0.0,0.25,0.0,0.38,0.0,14.15,11.65,35.88,5.91,1.25,1.0,3.62,1.88,6.5,34360.75,55862.88,Rodrigo Muniz,0,Fulham,FWD,53,0.7,0.5,0.0,37,37
1.0,0.0,0.0,15.38,0.12,0.0,0.0,0.0,0.0,0.0,0.0,0.0,0.0,0.0,2.95,1.97,5.38,1.04,0.12,0.0,0.88,0.25,0.88,325.0,469.5,Nathan Aké,0,Man City,DEF,52,0.6,0.5,0.0,37,37
2.25,0.12,0.12,32.62,0.0,1.0,0.0,0.0,0.0,0.0,0.0,0.0,0.25,0.0,5.92,2.59,3.75,1.24,0.38,1.0,0.5,1.12,2.62,75.75,34.62,Merlin Röhl,0,Everton,MID,50,0.0,0.5,0.0,37,37
4.38,0.12,0.12,114.12,0.12,1.88,0.0,0.0,0.0,0.0,0.38,0.0,0.0,0.0,25.2,36.79,11.75,7.39,1.5,2.75,3.88,6.5,13.12,3658.62,3245.88,Douglas Luiz Douglas Luiz,0,Aston Villa,MID,49,0.1,0.5,0.0,37,37
0.5,0.0,0.0,16.25,0.0,0.25,0.0,0.0,0.0,0.0,0.0,0.0,0.0,0.0,0.78,1.36,0.0,0.21,0.12,0.0,0.12,0.38,0.12,44.25,61.38,David Møller Wolfe,0,Wolves,DEF,42,0.1,0.5,0.0,37,37
0.5,0.0,0.0,3.5,0.0,0.25,0.0,0.0,0.0,0.0,0.0,0.0,0.0,0.0,1.27,3.11,5.5,0.99,0.0,0.0,0.0,0.25,0.25,401.88,723.62,Charalampos Kostoulas,0,Brighton,FWD,48,0.3,0.5,0.0,37,37
0.62,0.0,0.0,20.62,0.12,0.12,0.0,0.0,0.0,0.0,0.0,0.0,0.0,0.0,2.65,2.64,0.62,0.59,0.25,0.5,1.0,1.0,2.5,134.5,212.62,James Milner,0,Brighton,MID,49,0.1,0.5,0.0,37,37
4.25,0.0,0.0,98.5,0.25,1.75,0.0,0.0,0.0,0.0,0.25,0.0,0.25,0.0,30.05,4.16,2.38,3.66,1.0,2.12,10.0,2.75,12.12,13863.62,28143.38,Tosin Tosin,0,Chelsea,DEF,40,0.3,0.5,0.0,37,37
0.62,0.0,0.0,22.5,0.0,0.38,0.0,0.0,0.0,0.0,0.0,0.0,0.0,0.0,3.7,0.06,0.0,0.38,0.25,0.12,1.75,0.5,1.88,153.0,1252.0,Axel Tuanzebe,0,Burnley,DEF,39,0.9,0.5,0.0,37,37
1.88,0.0,0.0,52.12,0.12,1.0,0.0,0.0,0.0,2.12,0.0,0.0,0.25,0.0,16.95,0.0,0.0,1.7,0.62,0.12,0.38,4.12,0.0,5277.62,3891.25,Giorgi Mamardashvili,0,Liverpool,GK,41,0.7,0.5,0.0,37,37
0.5,0.0,0.0,24.0,0.0,0.38,0.0,0.0,0.0,0.0,0.25,0.0,0.0,0.0,3.0,0.96,0.62,0.46,0.25,0.62,1.12,0.88,1.75,198.0,256.5,Joe Gomez,0,Liverpool,DEF,49,0.2,0.5,0.0,37,37
1.0,0.0,0.0,23.5,0.0,0.38,0.0,0.0,0.0,0.0,0.0,0.0,0.0,0.0,6.72,1.4,0.12,0.83,0.25,0.62,2.5,1.25,3.12,3680.5,6058.38,Jarrad Branthwaite,0,Everton,DEF,53,0.3,0.5,0.0,37,37
1.12,0.0,0.12,15.38,0.0,0.12,0.0,0.0,0.0,0.0,0.0,0.0,0.0,0.0,3.18,5.04,2.25,1.06,0.0,0.5,0.62,1.12,2.25,159.38,137.12,Wilfried Gnonto,0,Leeds,MID,51,0.1,0.5,0.0,37,37
0.38,0.0,0.0,16.88,0.0,0.25,0.0,0.0,0.0,0.0,0.0,0.0,0.0,0.0,3.28,0.2,0.25,0.38,0.12,0.0,1.0,0.5,1.0,182.12,143.88,Issa Diop,0,Fulham,DEF,43,0.1,0.5,0.0,37,37
1.38,0.0,0.12,26.12,0.0,0.25,0.0,0.0,0.0,0.0,0.25,0.0,0.0,0.0,7.05,3.86,1.75,1.29,0.12,0.75,2.0,0.62,3.38,142.75,82.62,Ryan Yates,0,Nott'm Forest,MID,47,0.1,0.5,0.0,37,37
0.25,0.0,0.0,0.75,0.0,0.25,0.0,0.0,0.0,0.0,0.12,0.0,0.0,0.0,0.78,0.2,0.25,0.12,0.0,0.0,0.38,0.12,0.5,32.88,77.38,Carlos Alcaraz Durán,0,Everton,MID,52,0.1,0.5,0.0,37,37
0.62,0.0,0.0,37.25,0.0,0.62,0.0,0.0,0.0,0.0,0.0,0.0,0.0,0.0,4.25,1.03,1.75,0.7,0.5,0.25,1.38,0.38,1.62,245.12,299.62,Victor Lindelöf,0,Aston Villa,DEF,45,0.1,0.5,0.0,37,37
1.88,0.0,0.0,37.0,0.25,0.25,0.0,0.0,0.0,0.0,0.0,0.0,0.0,0.0,4.68,2.97,1.38,0.9,0.38,0.5,0.75,1.38,1.25,8757.75,470.75,Myles Lewis-Skelly,0,Arsenal,DEF,50,1.9,0.5,0.0,37,37
0.88,0.0,0.0,56.5,0.0,1.0,0.0,0.0,0.0,0.0,0.25,0.0,0.0,0.0,6.22,7.78,1.75,1.58,0.62,1.25,1.88,2.5,3.12,581.75,405.62,Destiny Udogie,0,Spurs,DEF,43,0.3,0.5,0.0,37,37
1.0,0.0,0.12,9.0,0.0,0.25,0.0,0.0,0.0,0.0,0.12,0.0,0.0,0.0,0.5,0.1,3.0,0.3,0.0,0.38,0.0,0.0,0.38,1049.0,1204.75,Yoane Wissa,0,Newcastle,FWD,73,0.6,0.5,0.0,37,37
0.75,0.0,0.0,3.38,0.0,0.12,0.0,0.0,0.0,0.0,0.0,0.0,0.0,0.0,2.45,1.48,1.38,0.51,0.0,0.0,0.88,0.38,1.25,235.62,246.12,Enes Ünal,0,Bournemouth,FWD,54,0.0,0.5,0.0,37,37
1.62,0.0,0.0,45.38,0.12,0.75,0.0,0.0,0.0,0.0,0.0,0.0,0.0,0.0,7.6,0.59,1.75,0.99,0.38,0.25,3.75,0.5,4.0,589.12,293.0,Luke O'Nien,0,Sunderland,DEF,40,0.1,0.5,0.0,37,37
1.5,0.0,0.12,25.88,0.25,0.25,0.0,0.0,0.0,0.0,0.0,0.0,0.12,0.0,4.58,8.11,2.12,1.48,0.38,0.25,0.0,0.88,1.12,148.5,70.62,Dilane Bakwa,0,Nott'm Forest,MID,59,0.0,0.5,0.0,37,37
3.25,0.0,0.12,102.38,0.38,1.5,0.0,0.0,0.0,0.0,0.0,0.0,0.0,0.0,13.98,23.94,13.5,5.16,1.25,3.25,2.25,3.5,9.0,917.75,690.88,Pablo Felipe Pablo,0,West Ham,FWD,54,0.0,0.5,0.0,37,37
3.12,0.0,0.0,175.62,0.12,3.75,0.0,0.0,0.0,0.0,0.12,0.12,0.0,0.0,30.88,36.83,14.62,8.2,1.88,3.62,8.0,10.75,11.62,6331.25,5608.25,Lucas Lucas Pires,0,Burnley,DEF,38,0.3,0.5,0.0,37,37
3.12,0.0,0.0,47.0,0.0,1.5,0.0,0.0,0.0,0.0,0.12,0.0,0.0,0.0,4.18,9.22,8.75,2.15,0.12,0.25,0.25,1.75,2.25,2261.75,4928.75,Adama Adama,0,West Ham,MID,51,0.1,0.5,0.0,37,37
0.88,0.0,0.0,15.5,0.12,0.0,0.0,0.0,0.0,0.0,0.0,0.0,0.0,0.0,2.53,0.09,0.25,0.29,0.12,0.25,1.12,0.75,1.38,167.38,525.25,Sebastiaan Bornauw,0,Leeds,DEF,38,0.1,0.5,0.0,37,37
1.38,0.0,0.0,45.0,0.12,0.75,0.0,0.0,0.0,1.38,0.25,0.0,0.12,0.0,10.88,0.0,0.0,1.09,0.5,0.0,0.62,4.38,0.0,4510.5,2824.5,Aaron Ramsdale,0,Newcastle,GK,48,0.7,0.5,0.0,37,37
3.0,0.38,0.0,52.25,0.12,0.75,0.0,0.0,0.0,0.0,0.38,0.0,0.0,0.0,17.73,6.79,35.12,5.94,0.38,0.5,0.88,2.38,3.75,19601.75,16865.0,Gabriel G.Jesus,0,Arsenal,FWD,64,0.4,0.5,0.0,37,37
1.25,0.12,0.0,14.38,0.0,0.75,0.0,0.0,0.0,0.0,0.0,0.0,0.0,0.0,5.18,1.49,5.88,1.23,0.12,0.25,0.25,0.38,0.88,1555.38,4250.12,Tammy Abraham,0,Aston Villa,FWD,57,0.2,0.5,0.0,37,37
0.62,0.0,0.0,16.12,0.0,0.12,0.0,0.0,0.0,0.0,0.0,0.0,0.0,0.0,2.62,1.99,4.5,0.91,0.25,0.25,0.75,0.5,1.5,133.75,104.75,Daniel James,0,Leeds,MID,52,0.1,0.5,0.0,37,37
0.12,0.0,0.0,0.12,0.0,0.12,0.0,0.0,0.0,0.0,0.0,0.0,0.0,0.0,0.25,0.0,0.0,0.03,0.0,0.0,0.12,0.0,0.12,54.75,123.88,Nathan Patterson,0,Everton,DEF,44,0.0,0.5,0.0,37,37
0.25,0.0,0.0,0.62,0.0,0.38,0.0,0.0,0.0,0.0,0.0,0.0,0.0,0.0,0.03,0.04,0.0,0.01,0.0,0.0,0.0,0.0,0.0,252.12,392.38,Harrison Armstrong,0,Everton,MID,45,0.1,0.5,0.0,37,37
0.0,0.0,0.0,0.25,0.0,0.0,0.0,0.0,0.0,0.0,0.12,0.0,0.0,0.0,0.5,1.3,0.0,0.18,0.0,0.12,0.12,0.0,0.25,27.25,69.5,Ollie Scarles,0,West Ham,DEF,43,0.0,0.5,0.0,37,37
0.62,0.0,0.0,9.75,0.0,0.25,0.0,0.0,0.0,0.0,0.0,0.0,0.0,0.0,1.78,6.1,2.0,0.99,0.0,0.38,0.0,0.88,1.25,406.12,309.5,Leon Bailey,0,Aston Villa,MID,55,0.1,0.5,0.0,37,37
2.5,0.0,0.12,68.75,0.12,1.0,0.0,0.0,0.0,0.0,0.25,0.0,0.0,0.0,14.72,2.99,5.12,2.29,0.75,1.0,4.62,4.0,5.62,980.38,701.62,Chadi Chadi Riad,0,Crystal Palace,DEF,40,0.1,0.5,0.0,37,37
0.12,0.0,0.0,2.0,0.0,0.0,0.0,0.0,0.0,0.0,0.0,0.0,0.0,0.0,1.07,0.0,0.25,0.14,0.0,0.0,0.62,0.12,0.62,854.88,903.62,Joe Worrall,0,Burnley,DEF,38,0.2,0.5,0.0,37,37
1.88,0.0,0.0,67.5,0.12,0.88,0.0,0.0,0.0,1.12,0.0,0.0,0.0,0.0,11.55,0.0,0.0,1.16,0.75,0.0,1.12,3.62,0.0,6894.38,2973.38,Antonín Kinský,0,Spurs,GK,39,1.9,0.5,0.0,37,37
1.12,0.0,0.0,68.5,0.0,1.5,0.0,0.0,0.0,0.0,0.38,0.0,0.0,0.0,16.23,5.74,1.25,2.31,0.75,2.25,3.5,3.75,5.75,563.75,472.0,Jorrel Hato,0,Chelsea,DEF,46,0.2,0.5,0.0,37,37
0.62,0.0,0.0,11.38,0.0,0.12,0.0,0.0,0.0,0.0,0.0,0.0,0.0,0.0,3.3,0.06,0.0,0.34,0.12,0.25,1.62,0.38,1.88,149.12,149.62,Radu Drăgușin,0,Spurs,DEF,45,0.0,0.5,0.0,37,37
0.25,0.0,0.0,2.12,0.0,0.0,0.0,0.0,0.0,0.0,0.0,0.0,0.0,0.0,0.0,0.14,0.12,0.01,0.0,0.0,0.12,0.12,0.25,197.38,306.75,Joël Piroe,0,Leeds,FWD,49,0.3,0.5,0.0,37,37
1.12,0.0,0.12,13.25,0.0,0.12,0.0,0.0,0.0,0.0,0.0,0.0,0.0,0.0,4.4,4.24,3.38,1.2,0.12,0.38,0.75,1.12,2.25,84.0,91.5,James McAtee,0,Nott'm Forest,MID,50,0.1,0.5,0.0,37,37
0.12,0.0,0.0,1.0,0.0,0.12,0.0,0.0,0.0,0.0,0.0,0.0,0.0,0.0,1.0,0.01,0.0,0.1,0.0,0.12,0.25,0.0,0.38,485.25,1726.38,Nathaniel Clyne,0,Crystal Palace,DEF,38,0.5,0.5,0.0,37,37
0.5,0.0,0.0,17.5,0.12,0.25,0.0,0.0,0.0,0.0,0.12,0.0,0.0,0.0,0.72,0.83,0.0,0.14,0.25,0.0,0.12,0.75,0.88,64.75,115.38,Yves Bissouma,0,Spurs,MID,52,0.0,0.5,0.0,37,37
0.38,0.0,0.0,2.12,0.0,0.12,0.0,0.0,0.0,0.0,0.0,0.0,0.0,0.0,0.48,0.04,0.0,0.05,0.0,0.12,0.0,0.0,0.12,209.12,168.5,Matt O'Riley,0,Brighton,MID,55,0.3,0.5,0.0,37,37
0.75,0.0,0.0,9.88,0.0,0.75,0.0,0.0,0.0,0.0,0.0,0.0,0.0,0.0,3.13,5.95,4.5,1.36,0.0,0.5,0.12,0.5,1.12,81.62,174.0,Tyrique George,0,Everton,MID,48,0.1,0.5,0.0,37,37
0.38,0.0,0.0,11.25,0.0,0.12,0.0,0.0,0.0,0.5,0.0,0.0,0.0,0.0,3.17,0.0,0.0,0.31,0.12,0.0,0.12,1.12,0.0,248.0,358.75,Marco Bizot,0,Aston Villa,GK,42,0.4,0.5,0.0,37,37
0.12,0.0,0.0,1.0,0.0,0.0,0.0,0.0,0.0,0.0,0.0,0.0,0.0,0.0,0.7,0.16,0.0,0.09,0.0,0.0,0.12,0.0,0.12,225.38,233.75,John Stones,0,Man City,DEF,54,0.6,0.5,0.0,37,37
0.75,0.0,0.0,22.5,0.0,0.25,0.0,0.0,0.0,0.75,0.0,0.0,0.0,0.0,6.0,0.0,0.0,0.6,0.25,0.0,0.5,2.75,0.0,3354.5,2173.88,Melker Ellborg,0,Sunderland,GK,40,0.1,0.5,0.0,37,37
1.0,0.12,0.0,8.0,0.0,0.12,0.0,0.0,0.0,0.0,0.0,0.0,0.0,0.0,5.2,4.74,4.38,1.44,0.0,0.0,0.12,0.88,1.0,10001.25,5305.25,Max Dowman,0,Arsenal,MID,42,0.9,0.5,0.0,37,37
2.0,0.0,0.0,57.12,0.12,1.0,0.0,0.0,0.0,0.0,0.12,0.0,0.0,0.0,6.6,11.44,3.5,2.14,0.88,1.25,0.75,2.12,4.12,747.75,540.0,Angel Angel,0,Wolves,MID,46,0.0,0.5,0.0,37,37
0.38,0.0,0.0,8.25,0.0,0.38,0.0,0.0,0.0,0.0,0.0,0.0,0.0,0.0,0.67,4.46,0.5,0.56,0.12,0.0,0.12,0.38,0.5,765.38,1985.5,Harrison Reed,0,Fulham,MID,43,0.3,0.5,0.0,37,37
0.25,0.0,0.0,10.5,0.0,0.12,0.0,0.0,0.0,0.0,0.0,0.0,0.0,0.0,2.03,0.04,0.25,0.24,0.12,0.38,0.75,0.12,1.12,42.38,112.38,Matt Doherty,0,Wolves,DEF,44,0.1,0.5,0.0,37,37
0.12,0.0,0.0,2.88,0.0,0.0,0.0,0.0,0.0,0.0,0.12,0.0,0.0,0.0,0.12,0.12,1.0,0.09,0.0,0.0,0.25,0.12,0.25,80.75,154.25,Dennis Cirkin,0,Sunderland,DEF,40,0.0,0.5,0.0,37,37
1.25,0.0,0.0,11.25,0.12,0.0,0.0,0.0,0.0,0.0,0.0,0.0,0.25,0.0,3.22,0.01,2.62,0.59,0.12,0.12,1.5,0.25,1.62,544.5,401.12,Ethan Pinnock,0,Brentford,DEF,42,0.1,0.5,0.0,37,37
0.88,0.0,0.0,29.88,0.0,0.88,0.0,0.0,0.0,0.0,0.0,0.0,0.0,0.0,2.82,4.7,1.5,0.91,0.38,0.75,0.38,1.88,3.0,86.88,50.12,Roméo Lavia,0,Chelsea,MID,49,0.0,0.5,0.0,37,37
0.38,0.0,0.0,10.88,0.0,0.12,0.0,0.0,0.0,0.0,0.0,0.0,0.0,0.0,0.55,1.85,0.5,0.29,0.12,0.12,0.12,0.0,0.25,43.75,77.75,Nilson Angulo,0,Sunderland,MID,50,0.0,0.5,0.0,37,37
0.75,0.0,0.12,8.38,0.0,0.12,0.0,0.0,0.0,0.0,0.0,0.0,0.0,0.0,3.25,3.51,1.62,0.81,0.0,0.25,0.0,0.5,0.75,80.62,81.12,Reiss Nelson,0,Brentford,MID,48,0.1,0.5,0.0,37,37
1.62,0.0,0.12,33.12,0.0,0.38,0.0,0.0,0.0,0.0,0.12,0.0,0.0,0.0,3.08,5.01,10.75,1.64,0.12,0.0,0.5,0.5,1.0,164927.5,361366.5,Marc Marc Guiu,0,Chelsea,FWD,40,5.2,0.5,0.0,37,37
1.62,0.0,0.0,64.25,0.0,0.88,0.0,0.0,0.0,0.0,0.0,0.0,0.0,0.0,12.25,1.9,3.62,1.78,0.75,1.12,4.75,1.62,5.88,504.5,1141.0,Jair Jair Cunha,0,Nott'm Forest,DEF,42,0.1,0.5,0.0,37,37
1.62,0.12,0.0,12.5,0.0,0.5,0.0,0.0,0.0,0.0,0.0,0.0,0.12,0.0,4.88,0.81,4.5,1.01,0.12,0.38,0.0,0.62,1.0,3426.38,6476.88,Fábio Carvalho,0,Brentford,MID,46,0.1,0.5,0.0,37,37
1.5,0.0,0.12,21.25,0.12,0.62,0.0,0.0,0.0,0.0,0.12,0.0,0.0,0.0,7.0,2.26,0.75,1.0,0.12,0.88,1.62,0.38,2.88,928.5,1939.62,Endo Endo,0,Liverpool,MID,49,0.1,0.5,0.0,37,37
1.5,0.0,0.12,28.5,0.0,1.12,0.0,0.0,0.0,0.0,0.12,0.0,0.0,0.0,3.62,7.62,4.62,1.55,0.25,0.12,0.12,1.25,1.5,172.88,626.12,Fer Fer López,0,Wolves,MID,51,0.0,0.5,0.0,37,37
0.38,0.0,0.0,2.38,0.0,0.0,0.0,0.0,0.0,0.0,0.0,0.0,0.0,0.0,0.9,0.3,0.75,0.19,0.0,0.38,0.0,0.5,0.88,34.5,18.0,Ben Gannon-Doak,0,Bournemouth,MID,48,0.0,0.5,0.0,37,37
1.0,0.0,0.0,34.75,0.0,0.62,0.0,0.0,0.0,0.0,0.0,0.0,0.0,0.0,6.5,3.51,1.0,1.11,0.38,1.5,1.5,1.5,3.0,66.75,27.12,Luca Netz,0,Nott'm Forest,DEF,45,0.0,0.5,0.0,37,37
1.38,0.0,0.0,54.62,0.12,1.0,0.0,0.0,0.0,0.75,0.12,0.0,0.0,0.0,7.05,0.0,0.0,0.71,0.62,0.0,0.5,3.25,0.0,8320.25,6651.0,John Victor John,0,Nott'm Forest,GK,40,0.3,0.5,0.0,37,37
1.25,0.0,0.0,32.12,0.0,0.75,0.0,0.0,0.0,0.0,0.0,0.0,0.0,0.0,4.55,6.06,4.88,1.54,0.38,1.0,1.38,1.38,2.38,1499.0,11473.5,Pedro Pedro Lima,0,Wolves,DEF,40,0.4,0.5,0.0,37,37
0.38,0.0,0.0,5.12,0.0,0.12,0.0,0.0,0.0,0.0,0.12,0.0,0.0,0.0,0.92,0.11,1.0,0.19,0.0,0.25,0.12,0.12,0.5,83.75,60.5,Mohamadou Kanté,0,West Ham,MID,45,0.0,0.5,0.0,37,37
0.88,0.0,0.12,11.25,0.0,0.25,0.0,0.0,0.0,0.0,0.0,0.0,0.0,0.0,4.78,6.56,0.12,1.16,0.12,0.25,0.5,1.0,1.75,66.25,31.5,Mateo Kovačić,0,Man City,MID,58,0.0,0.5,0.0,37,37
0.38,0.0,0.0,14.25,0.0,0.12,0.0,0.0,0.0,0.25,0.0,0.0,0.0,0.0,2.53,0.0,0.0,0.25,0.12,0.0,0.0,1.38,0.0,547.88,388.5,Filip Jörgensen,0,Chelsea,GK,43,0.2,0.5,0.0,37,37
0.12,0.0,0.0,0.88,0.0,0.0,0.0,0.0,0.0,0.0,0.0,0.0,0.0,0.0,0.0,0.04,1.0,0.07,0.0,0.0,0.0,0.25,0.25,103.25,220.0,Lorenzo Lucca,0,Nott'm Forest,FWD,53,0.0,0.5,0.0,37,37
0.25,0.0,0.0,0.75,0.0,0.0,0.0,0.0,0.0,0.0,0.0,0.0,0.0,0.0,0.0,0.04,0.75,0.07,0.0,0.0,0.0,0.12,0.12,402.5,1076.38,Tom Edozie,0,Wolves,MID,43,0.4,0.5,0.0,37,37
0.62,0.0,0.0,16.88,0.0,0.25,0.0,0.0,0.0,0.0,0.0,0.0,0.0,0.0,4.35,0.8,0.25,0.55,0.12,0.25,1.25,0.5,1.5,391.38,54.62,Levi Samuels Colwill,0,Chelsea,DEF,47,0.2,0.5,0.0,37,37
0.5,0.0,0.0,1.0,0.0,0.12,0.0,0.0,0.0,0.0,0.0,0.0,0.0,0.0,0.45,1.45,0.0,0.19,0.0,0.0,0.38,0.12,0.5,19.62,30.75,Alex Tóth,0,Bournemouth,MID,49,0.0,0.5,0.0,37,37
0.5,0.0,0.0,22.5,0.0,0.38,0.0,0.0,0.0,0.88,0.0,0.0,0.0,0.0,6.1,0.0,0.0,0.61,0.25,0.0,0.5,1.62,0.0,167.0,171.38,Max Weiß,0,Burnley,GK,42,0.2,0.5,0.0,37,37
0.88,0.0,0.0,11.25,0.12,0.0,0.0,0.0,0.0,0.38,0.0,0.0,0.0,0.0,2.85,0.0,0.0,0.29,0.12,0.0,0.12,1.12,0.0,881.12,586.5,Walter Benítez,0,Crystal Palace,GK,39,0.3,0.5,0.0,37,37
0.75,0.0,0.0,33.75,0.0,0.88,0.0,0.0,0.0,0.88,0.0,0.0,0.0,0.0,8.18,0.0,0.0,0.81,0.38,0.0,0.62,3.25,0.0,848.12,770.75,Daniel Bentley,0,Wolves,GK,39,0.5,0.5,0.0,37,37
0.25,0.0,0.0,2.38,0.0,0.0,0.0,0.0,0.0,0.0,0.0,0.0,0.0,0.0,0.25,0.07,0.0,0.02,0.0,0.12,0.0,0.25,0.38,288.12,344.12,Jonah Kusi-Asare,0,Fulham,FWD,45,0.1,0.5,0.0,37,37
0.25,0.0,0.0,1.0,0.0,0.12,0.0,0.0,0.0,0.0,0.0,0.0,0.0,0.0,0.03,0.3,0.0,0.04,0.0,0.0,0.0,0.0,0.0,207.38,507.25,Trey Nyoni,0,Liverpool,MID,43,0.3,0.5,0.0,37,37
0.75,0.0,0.0,12.88,0.0,0.38,0.0,0.0,0.0,0.0,0.0,0.0,0.0,0.0,3.22,1.32,0.0,0.45,0.12,0.0,1.62,0.38,1.62,1451.0,1502.88,Igor Julio Igor,0,Brighton,DEF,45,0.1,0.5,0.0,37,37
0.75,0.0,0.0,4.62,0.0,0.25,0.0,0.0,0.0,0.0,0.0,0.0,0.0,0.0,0.9,1.9,0.25,0.3,0.0,0.12,0.0,0.5,0.62,2615.75,2361.25,Mike Trésor,0,Burnley,MID,43,0.1,0.5,0.0,37,37
0.12,0.0,0.0,5.75,0.0,0.12,0.0,0.0,0.0,0.0,0.12,0.0,0.0,0.0,0.2,1.49,0.5,0.22,0.0,0.0,0.25,0.25,0.25,204.88,210.0,Borna Sosa,0,Crystal Palace,DEF,48,0.1,0.5,0.0,37,37
0.75,0.0,0.0,26.5,0.0,0.5,0.0,0.0,0.0,1.12,0.0,0.0,0.0,0.0,10.48,0.0,0.0,1.05,0.25,0.0,0.5,2.75,0.0,4886.5,1898.38,Freddie Woodman,0,Liverpool,GK,39,0.3,0.5,0.0,37,37
0.62,0.0,0.0,15.12,0.0,0.25,0.0,0.0,0.0,0.0,0.0,0.0,0.0,0.0,1.15,1.81,0.5,0.31,0.12,0.12,0.25,1.0,1.38,108.5,431.25,Luis Guilherme L.Guilherme,0,West Ham,MID,49,0.0,0.5,0.0,37,37
0.12,0.0,0.0,0.25,0.0,0.12,0.0,0.0,0.0,0.0,0.0,0.0,0.0,0.0,0.0,0.06,0.0,0.01,0.0,0.0,0.25,0.12,0.25,112.25,90.25,Séamus Coleman,0,Everton,DEF,42,0.1,0.5,0.0,37,37
0.25,0.0,0.0,0.62,0.0,0.0,0.0,0.0,0.0,0.0,0.0,0.0,0.0,0.0,0.3,0.14,0.0,0.05,0.0,0.12,0.0,0.0,0.12,232.5,267.5,Andrés García,0,Aston Villa,DEF,39,0.2,0.5,0.0,37,37
0.12,0.0,0.0,1.5,0.0,0.12,0.0,0.0,0.0,0.0,0.0,0.0,0.0,0.0,0.0,0.0,0.0,0.0,0.0,0.0,0.0,0.0,0.0,1929.0,5071.62,Ashley Barnes,0,Burnley,FWD,42,1.2,0.5,0.0,37,37
0.38,0.0,0.0,5.62,0.0,0.0,0.0,0.0,0.0,0.0,0.0,0.0,0.0,0.0,0.32,0.4,2.0,0.26,0.0,0.0,0.0,0.12,0.12,73.88,67.0,Zeki Amdouni,0,Burnley,FWD,48,0.0,0.5,0.0,37,37
0.25,0.0,0.0,0.38,0.0,0.12,0.0,0.0,0.0,0.0,0.0,0.0,0.0,0.0,0.0,0.04,0.0,0.0,0.0,0.0,0.0,0.0,0.0,317.12,211.12,Solly March,0,Brighton,MID,58,0.0,0.5,0.0,37,37
0.12,0.0,0.0,5.62,0.0,0.0,0.0,0.0,0.0,0.0,0.0,0.0,0.0,0.0,0.0,0.01,0.0,0.0,0.12,0.25,0.12,0.25,0.38,145.0,461.75,Zach Abbott,0,Nott'm Forest,DEF,38,0.2,0.5,0.0,37,37
0.12,0.0,0.0,1.12,0.0,0.0,0.0,0.0,0.0,0.0,0.0,0.0,0.0,0.0,0.03,0.0,0.0,0.0,0.0,0.0,0.0,0.0,0.0,194.75,193.5,Mamadou Sarr,0,Chelsea,DEF,45,0.0,0.5,0.0,37,37
0.38,0.0,0.0,4.25,0.0,0.25,0.0,0.0,0.0,0.0,0.0,0.0,0.0,0.0,0.22,0.31,0.25,0.08,0.0,0.12,0.0,0.5,0.12,2310.75,4348.62,Julio Soler,0,Bournemouth,DEF,39,0.2,0.5,0.0,37,37
0.25,0.0,0.0,3.25,0.0,0.0,0.0,0.0,0.0,0.0,0.0,0.0,0.0,0.0,0.22,1.06,1.88,0.32,0.0,0.0,0.0,0.38,0.38,938.75,307.0,James Maddison,0,Spurs,MID,68,0.3,0.5,0.0,37,37
0.38,0.0,0.0,5.88,0.0,0.25,0.0,0.0,0.0,0.0,0.0,0.0,0.0,0.0,0.4,0.44,1.25,0.19,0.0,0.0,0.12,0.38,0.5,54.12,40.0,Alysson Edward Franco Alysson,0,Aston Villa,MID,50,0.0,0.5,0.0,37,37
0.12,0.0,0.0,6.88,0.0,0.12,0.0,0.0,0.0,0.0,0.0,0.0,0.0,0.0,0.53,0.04,1.12,0.18,0.12,0.0,0.38,0.12,0.38,115.25,125.25,João Victor de Souza Menezes,0,Spurs,DEF,40,0.0,0.5,0.0,37,37
0.12,0.0,0.0,0.12,0.0,0.0,0.0,0.0,0.0,0.0,0.0,0.0,0.0,0.0,0.68,0.0,0.0,0.06,0.0,0.12,0.25,0.12,0.38,3995.0,1267.5,Sam Byram,0,Leeds,DEF,37,0.4,0.5,0.0,37,37
0.25,0.0,0.0,0.25,0.0,0.0,0.0,0.0,0.0,0.0,0.0,0.0,0.0,0.0,0.05,1.41,0.5,0.2,0.0,0.0,0.0,0.12,0.12,9.75,6.62,Josh Dasilva,0,Brentford,MID,49,0.0,0.5,0.0,37,37
0.12,0.0,0.0,1.38,0.0,0.0,0.0,0.0,0.0,0.0,0.0,0.0,0.0,0.0,0.62,0.06,0.5,0.12,0.0,0.25,0.12,0.0,0.38,128.62,1146.88,João Pedro Jota,0,Nott'm Forest,MID,54,0.0,0.5,0.0,37,37
0.12,0.0,0.0,0.12,0.0,0.0,0.0,0.0,0.0,0.0,0.0,0.0,0.0,0.0,0.0,0.0,0.0,0.0,0.0,0.0,0.0,0.0,0.0,98.38,118.5,Kaye Furo,0,Brentford,FWD,45,0.0,0.5,0.0,37,37
0.12,0.0,0.0,0.12,0.0,0.0,0.0,0.0,0.0,0.0,0.0,0.0,0.0,0.0,0.0,0.0,0.0,0.0,0.0,0.0,0.0,0.0,0.0,40.25,54.0,James Rowswell,0,Spurs,DEF,40,0.0,0.5,0.0,37,37
0.12,0.0,0.0,1.75,0.0,0.0,0.0,0.0,0.0,0.0,0.0,0.0,0.0,0.0,0.08,0.22,0.0,0.02,0.0,0.0,0.0,0.25,0.25,191.5,288.38,Callum Olusesi,0,Spurs,MID,43,0.2,0.5,0.0,37,37
0.12,0.0,0.0,3.25,0.0,0.12,0.0,0.0,0.0,0.0,0.25,0.0,0.0,0.0,1.42,0.26,0.25,0.2,0.0,0.75,0.12,0.12,1.0,319.38,208.0,Dário Luís Essugo,0,Chelsea,MID,43,0.1,0.5,0.0,37,37
0.12,0.0,0.0,5.62,0.0,0.25,0.0,0.0,0.0,0.0,0.0,0.0,0.0,0.0,0.57,0.8,3.12,0.45,0.12,0.12,0.0,0.25,0.38,15.0,5.88,Jesse Derry,0,Chelsea,MID,45,0.0,0.5,0.0,37,37
0.12,0.0,0.0,0.12,0.0,0.0,0.0,0.0,0.0,0.0,0.0,0.0,0.0,0.0,0.25,0.04,0.0,0.02,0.0,0.0,0.12,0.0,0.12,0.0,0.0,Shumaira Mheuka,0,Chelsea,FWD,45,0.0,0.5,0.0,37,37
